Date,Open,High,Low,Close,Volume,Dividends,Stock Splits
2021-10-20 00:00:00-04:00,270.0,319.0,260.0,289.0,888772,0.0,0.0
2021-10-21 00:00:00-04:00,280.0,280.0,251.0,259.8999938964844,198819,0.0,0.0
2021-10-22 00:00:00-04:00,260.0,266.79998779296875,233.5,253.60000610351562,78916,0.0,0.0
2021-10-25 00:00:00-04:00,261.0,280.0,256.375,276.5,51507,0.0,0.0
2021-10-26 00:00:00-04:00,277.70001220703125,281.4419860839844,265.0,277.0,52664,0.0,0.0
2021-10-27 00:00:00-04:00,270.29998779296875,274.5,260.0010070800781,263.1000061035156,40131,0.0,0.0
2021-10-28 00:00:00-04:00,266.3999938964844,271.3999938964844,260.6000061035156,268.6000061035156,43005,0.0,0.0
2021-10-29 00:00:00-04:00,265.1000061035156,286.29998779296875,265.1000061035156,274.6000061035156,27906,0.0,0.0
2021-11-01 00:00:00-04:00,275.5,279.29998779296875,265.0,272.6000061035156,24326,0.0,0.0
2021-11-02 00:00:00-04:00,281.0,336.20001220703125,275.3999938964844,332.6000061035156,94583,0.0,0.0
2021-11-03 00:00:00-04:00,316.0,344.0,297.6000061035156,322.0,89148,0.0,0.0
2021-11-04 00:00:00-04:00,317.6000061035156,357.95001220703125,265.0,270.0,226587,0.0,0.0
2021-11-05 00:00:00-04:00,278.22900390625,284.3999938964844,268.8999938964844,272.79998779296875,73940,0.0,0.0
2021-11-08 00:00:00-05:00,287.5,304.70001220703125,271.70001220703125,272.6000061035156,113067,0.0,0.0
2021-11-09 00:00:00-05:00,274.70001220703125,279.5,257.29998779296875,278.5,46474,0.0,0.0
2021-11-10 00:00:00-05:00,276.8999938964844,279.3999938964844,266.156005859375,274.1000061035156,19100,0.0,0.0
2021-11-11 00:00:00-05:00,270.0,273.0,259.6000061035156,265.0,28732,0.0,0.0
2021-11-12 00:00:00-05:00,267.6000061035156,269.8999938964844,261.0,268.0,16975,0.0,0.0
2021-11-15 00:00:00-05:00,283.1000061035156,288.0,260.5,263.0,38559,0.0,0.0
2021-11-16 00:00:00-05:00,262.20001220703125,267.8999938964844,243.10400390625,244.5,74706,0.0,0.0
2021-11-17 00:00:00-05:00,248.0,254.60000610351562,242.60000610351562,251.39999389648438,28364,0.0,0.0
2021-11-18 00:00:00-05:00,247.0,249.1999969482422,225.8280029296875,231.10000610351562,60058,0.0,0.0
2021-11-19 00:00:00-05:00,231.1999969482422,243.0,228.32899475097656,241.39999389648438,18305,0.0,0.0
2021-11-22 00:00:00-05:00,245.8000030517578,246.1820068359375,210.1999969482422,212.89999389648438,42672,0.0,0.0
2021-11-23 00:00:00-05:00,216.6999969482422,226.09800720214844,195.89999389648438,205.5,49484,0.0,0.0
2021-11-24 00:00:00-05:00,205.39999389648438,222.0,196.60000610351562,207.6999969482422,25646,0.0,0.0
2021-11-26 00:00:00-05:00,205.0,205.0,192.5,194.39999389648438,18938,0.0,0.0
2021-11-29 00:00:00-05:00,199.39999389648438,204.89999389648438,177.0,181.6999969482422,66091,0.0,0.0
2021-11-30 00:00:00-05:00,178.84800720214844,185.5,164.60000610351562,172.39999389648438,79425,0.0,0.0
2021-12-01 00:00:00-05:00,189.5,218.0,176.1999969482422,177.39999389648438,106194,0.0,0.0
2021-12-02 00:00:00-05:00,178.0,199.39999389648438,177.5,197.89999389648438,55691,0.0,0.0
2021-12-03 00:00:00-05:00,198.8000030517578,201.60000610351562,177.5,180.8000030517578,108177,0.0,0.0
2021-12-06 00:00:00-05:00,179.5,185.0,163.10000610351562,178.60000610351562,38312,0.0,0.0
2021-12-07 00:00:00-05:00,183.39999389648438,198.39999389648438,181.10000610351562,188.0,25528,0.0,0.0
2021-12-08 00:00:00-05:00,192.39999389648438,196.10000610351562,179.89999389648438,182.1999969482422,25802,0.0,0.0
2021-12-09 00:00:00-05:00,183.3000030517578,184.14999389648438,166.6999969482422,167.1999969482422,23990,0.0,0.0
2021-12-10 00:00:00-05:00,171.6999969482422,173.2449951171875,158.39999389648438,167.10000610351562,32491,0.0,0.0
2021-12-13 00:00:00-05:00,168.6999969482422,170.85000610351562,161.8000030517578,167.89999389648438,34050,0.0,0.0
2021-12-14 00:00:00-05:00,166.8000030517578,171.0,161.89999389648438,165.1999969482422,35110,0.0,0.0
2021-12-15 00:00:00-05:00,167.3000030517578,169.48300170898438,147.6999969482422,162.3000030517578,77601,0.0,0.0
2021-12-16 00:00:00-05:00,166.8000030517578,176.89999389648438,148.39999389648438,150.3000030517578,66284,0.0,0.0
2021-12-17 00:00:00-05:00,151.75,151.75,125.0999984741211,125.9000015258789,239240,0.0,0.0
2021-12-20 00:00:00-05:00,121.19999694824219,125.19999694824219,104.30000305175781,108.69999694824219,207884,0.0,0.0
2021-12-21 00:00:00-05:00,116.0,117.69999694824219,107.0,110.4000015258789,166072,0.0,0.0
2021-12-22 00:00:00-05:00,110.4000015258789,114.0999984741211,107.4000015258789,110.30000305175781,36317,0.0,0.0
2021-12-23 00:00:00-05:00,109.69999694824219,121.9990005493164,106.30000305175781,120.0,70278,0.0,0.0
2021-12-27 00:00:00-05:00,122.0,130.5,119.5,127.0,65224,0.0,0.0
2021-12-28 00:00:00-05:00,126.30000305175781,126.30000305175781,112.69999694824219,113.0999984741211,38252,0.0,0.0
2021-12-29 00:00:00-05:00,115.5999984741211,123.55500030517578,112.5999984741211,119.0999984741211,49228,0.0,0.0
2021-12-30 00:00:00-05:00,118.9000015258789,129.58099365234375,117.9540023803711,124.5,44394,0.0,0.0
2021-12-31 00:00:00-05:00,124.19999694824219,134.0,124.0,128.5,60291,0.0,0.0
2022-01-03 00:00:00-05:00,130.0,134.6929931640625,122.9000015258789,131.60000610351562,53633,0.0,0.0
2022-01-04 00:00:00-05:00,131.5,138.8000030517578,131.5,134.8000030517578,40665,0.0,0.0
2022-01-05 00:00:00-05:00,136.6999969482422,142.5,131.3000030517578,133.89999389648438,67763,0.0,0.0
2022-01-06 00:00:00-05:00,132.0,135.0,119.0999984741211,130.8000030517578,54670,0.0,0.0
2022-01-07 00:00:00-05:00,128.89999389648438,131.08599853515625,122.5,125.4000015258789,44921,0.0,0.0
2022-01-10 00:00:00-05:00,125.0,127.30000305175781,107.69999694824219,111.80000305175781,82430,0.0,0.0
2022-01-11 00:00:00-05:00,112.0,129.8000030517578,110.19999694824219,125.9000015258789,71924,0.0,0.0
2022-01-12 00:00:00-05:00,128.39999389648438,131.8000030517578,122.0,125.69999694824219,35283,0.0,0.0
2022-01-13 00:00:00-05:00,127.0999984741211,128.5,114.69999694824219,115.30000305175781,29182,0.0,0.0
2022-01-14 00:00:00-05:00,116.19999694824219,120.30000305175781,109.0999984741211,119.0,54567,0.0,0.0
2022-01-18 00:00:00-05:00,116.9000015258789,120.0,111.4000015258789,115.69999694824219,50359,0.0,0.0
2022-01-19 00:00:00-05:00,117.4000015258789,120.6500015258789,112.0999984741211,116.5,28987,0.0,0.0
2022-01-20 00:00:00-05:00,118.5999984741211,128.14999389648438,116.0,117.0,45062,0.0,0.0
2022-01-21 00:00:00-05:00,110.5,115.5999984741211,87.5,92.0999984741211,128056,0.0,0.0
2022-01-24 00:00:00-05:00,81.4000015258789,93.0,73.0,92.4000015258789,98442,0.0,0.0
2022-01-25 00:00:00-05:00,89.80000305175781,93.0,81.55000305175781,83.5,52448,0.0,0.0
2022-01-26 00:00:00-05:00,88.0,91.53299713134766,81.08999633789062,81.5999984741211,45326,0.0,0.0
2022-01-27 00:00:00-05:00,81.9000015258789,88.53900146484375,73.4000015258789,76.0,31434,0.0,0.0
2022-01-28 00:00:00-05:00,75.9000015258789,80.0,72.5999984741211,77.0,68226,0.0,0.0
2022-01-31 00:00:00-05:00,76.5999984741211,90.0,76.5999984741211,89.30000305175781,69679,0.0,0.0
2022-02-01 00:00:00-05:00,90.80000305175781,94.80000305175781,87.4000015258789,92.4000015258789,58546,0.0,0.0
2022-02-02 00:00:00-05:00,93.19999694824219,93.19999694824219,83.19999694824219,83.80000305175781,28481,0.0,0.0
2022-02-03 00:00:00-05:00,81.5,82.4990005493164,77.5,79.30000305175781,22231,0.0,0.0
2022-02-04 00:00:00-05:00,78.9000015258789,89.80000305175781,78.19999694824219,88.80000305175781,35168,0.0,0.0
2022-02-07 00:00:00-05:00,92.0,98.94999694824219,90.0999984741211,96.5,40036,0.0,0.0
2022-02-08 00:00:00-05:00,96.5,102.80000305175781,94.0,101.0999984741211,41854,0.0,0.0
2022-02-09 00:00:00-05:00,102.69999694824219,127.69999694824219,102.69999694824219,118.19999694824219,312979,0.0,0.0
2022-02-10 00:00:00-05:00,114.30000305175781,127.0,109.0999984741211,118.69999694824219,148208,0.0,0.0
2022-02-11 00:00:00-05:00,118.69999694824219,123.05000305175781,112.20099639892578,112.9000015258789,63638,0.0,0.0
2022-02-14 00:00:00-05:00,112.0,118.30000305175781,110.30000305175781,115.0,27106,0.0,0.0
2022-02-15 00:00:00-05:00,119.69999694824219,130.60000610351562,119.69999694824219,126.5999984741211,50941,0.0,0.0
2022-02-16 00:00:00-05:00,124.9000015258789,130.0,115.5999984741211,118.0,59041,0.0,0.0
2022-02-17 00:00:00-05:00,115.0,120.69999694824219,105.19999694824219,106.69999694824219,57215,0.0,0.0
2022-02-18 00:00:00-05:00,106.0999984741211,107.80000305175781,98.69999694824219,102.9000015258789,43425,0.0,0.0
2022-02-22 00:00:00-05:00,100.4000015258789,112.69999694824219,97.5,110.30000305175781,92945,0.0,0.0
2022-02-23 00:00:00-05:00,114.0999984741211,114.9990005493164,106.80000305175781,110.5999984741211,64252,0.0,0.0
2022-02-24 00:00:00-05:00,103.69999694824219,115.80000305175781,101.69999694824219,115.0,72759,0.0,0.0
2022-02-25 00:00:00-05:00,115.69999694824219,119.9000015258789,103.30000305175781,105.69999694824219,63758,0.0,0.0
2022-02-28 00:00:00-05:00,106.30000305175781,129.2169952392578,106.19999694824219,126.0999984741211,90351,0.0,0.0
2022-03-01 00:00:00-05:00,131.5,136.60000610351562,123.05000305175781,127.5,93510,0.0,0.0
2022-03-02 00:00:00-05:00,132.39999389648438,144.3000030517578,125.0,129.39999389648438,179962,0.0,0.0
2022-03-03 00:00:00-05:00,129.39999389648438,132.05499267578125,115.1500015258789,118.0999984741211,86351,0.0,0.0
2022-03-04 00:00:00-05:00,117.5,118.28800201416016,103.30000305175781,103.9000015258789,66899,0.0,0.0
2022-03-07 00:00:00-05:00,103.30000305175781,104.0,89.30000305175781,92.4000015258789,95680,0.0,0.0
2022-03-08 00:00:00-05:00,94.5999984741211,106.19999694824219,90.5,101.5999984741211,51957,0.0,0.0
2022-03-09 00:00:00-05:00,106.80000305175781,115.80000305175781,105.5999984741211,110.9000015258789,72746,0.0,0.0
2022-03-10 00:00:00-05:00,105.9000015258789,111.4000015258789,100.19999694824219,105.0999984741211,36386,0.0,0.0
2022-03-11 00:00:00-05:00,105.5999984741211,107.80000305175781,93.91300201416016,95.4000015258789,37993,0.0,0.0
2022-03-14 00:00:00-04:00,94.4000015258789,96.9000015258789,86.5999984741211,88.0,52465,0.0,0.0
2022-03-15 00:00:00-04:00,89.19999694824219,91.0,82.5999984741211,89.5,47716,0.0,0.0
2022-03-16 00:00:00-04:00,91.4000015258789,94.5,89.0,93.80000305175781,48943,0.0,0.0
2022-03-17 00:00:00-04:00,94.0,104.25,93.0999984741211,101.30000305175781,55544,0.0,0.0
2022-03-18 00:00:00-04:00,101.19999694824219,109.19999694824219,97.69999694824219,109.0,72942,0.0,0.0
2022-03-21 00:00:00-04:00,108.9000015258789,110.0,98.05000305175781,98.80000305175781,54150,0.0,0.0
2022-03-22 00:00:00-04:00,106.4000015258789,108.9000015258789,99.5999984741211,101.0,68376,0.0,0.0
2022-03-23 00:00:00-04:00,100.80000305175781,101.0999984741211,94.0,94.69999694824219,53741,0.0,0.0
2022-03-24 00:00:00-04:00,95.19999694824219,99.69999694824219,92.30000305175781,97.80000305175781,53587,0.0,0.0
2022-03-25 00:00:00-04:00,97.4000015258789,100.38600158691406,91.0,92.0,42449,0.0,0.0
2022-03-28 00:00:00-04:00,99.80000305175781,103.0,93.69999694824219,96.5,63218,0.0,0.0
2022-03-29 00:00:00-04:00,98.94999694824219,108.0,92.80000305175781,102.5,179735,0.0,0.0
2022-03-30 00:00:00-04:00,69.1500015258789,75.0,66.5,69.69999694824219,619221,0.0,0.0
2022-03-31 00:00:00-04:00,70.30000305175781,70.54399871826172,54.099998474121094,58.5,477203,0.0,0.0
2022-04-01 00:00:00-04:00,59.0,61.70000076293945,55.500999450683594,56.5,181055,0.0,0.0
2022-04-04 00:00:00-04:00,57.20000076293945,59.79999923706055,56.70000076293945,58.79999923706055,99824,0.0,0.0
2022-04-05 00:00:00-04:00,57.599998474121094,58.5,52.79999923706055,53.400001525878906,139193,0.0,0.0
2022-04-06 00:00:00-04:00,53.20000076293945,53.20000076293945,48.099998474121094,51.29999923706055,103656,0.0,0.0
2022-04-07 00:00:00-04:00,50.5,51.5,47.5,50.400001525878906,84600,0.0,0.0
2022-04-08 00:00:00-04:00,50.0,50.70000076293945,48.0,49.20000076293945,49410,0.0,0.0
2022-04-11 00:00:00-04:00,48.20000076293945,48.79999923706055,46.29999923706055,47.79999923706055,55377,0.0,0.0
2022-04-12 00:00:00-04:00,48.0,50.29999923706055,45.70000076293945,46.0,42001,0.0,0.0
2022-04-13 00:00:00-04:00,46.599998474121094,52.400001525878906,46.20000076293945,51.900001525878906,99722,0.0,0.0
2022-04-14 00:00:00-04:00,52.0,52.29899978637695,47.5,48.400001525878906,47489,0.0,0.0
2022-04-18 00:00:00-04:00,48.5,48.5,43.5,46.20000076293945,83104,0.0,0.0
2022-04-19 00:00:00-04:00,45.5,49.79999923706055,45.0,48.29999923706055,40976,0.0,0.0
2022-04-20 00:00:00-04:00,47.79999923706055,47.900001525878906,44.20000076293945,44.5,62034,0.0,0.0
2022-04-21 00:00:00-04:00,45.900001525878906,45.900001525878906,40.0,42.099998474121094,70263,0.0,0.0
2022-04-22 00:00:00-04:00,41.400001525878906,43.29999923706055,38.400001525878906,39.0,62015,0.0,0.0
2022-04-25 00:00:00-04:00,38.599998474121094,39.59299850463867,36.79999923706055,38.0,45841,0.0,0.0
2022-04-26 00:00:00-04:00,38.099998474121094,38.20000076293945,36.099998474121094,37.29999923706055,84537,0.0,0.0
2022-04-27 00:00:00-04:00,38.099998474121094,39.5,36.70000076293945,38.70000076293945,61845,0.0,0.0
2022-04-28 00:00:00-04:00,39.70000076293945,39.70000076293945,35.099998474121094,38.79999923706055,63773,0.0,0.0
2022-04-29 00:00:00-04:00,38.599998474121094,41.78099822998047,38.20000076293945,39.0,65671,0.0,0.0
2022-05-02 00:00:00-04:00,38.0,40.5,37.599998474121094,39.900001525878906,50044,0.0,0.0
2022-05-03 00:00:00-04:00,40.20000076293945,40.20000076293945,36.0,36.599998474121094,116919,0.0,0.0
2022-05-04 00:00:00-04:00,36.5,37.5,33.5,37.29999923706055,79184,0.0,0.0
2022-05-05 00:00:00-04:00,37.400001525878906,37.400001525878906,33.099998474121094,33.5,64609,0.0,0.0
2022-05-06 00:00:00-04:00,34.0,34.400001525878906,30.399999618530273,31.0,42249,0.0,0.0
2022-05-09 00:00:00-04:00,30.0,30.0,23.5,24.399999618530273,108927,0.0,0.0
2022-05-10 00:00:00-04:00,26.799999237060547,27.450000762939453,22.399999618530273,22.799999237060547,79049,0.0,0.0
2022-05-11 00:00:00-04:00,21.399999618530273,23.0,20.149999618530273,20.600000381469727,83797,0.0,0.0
2022-05-12 00:00:00-04:00,20.0,23.0,18.700000762939453,19.399999618530273,126790,0.0,0.0
2022-05-13 00:00:00-04:00,20.5,23.5,20.100000381469727,22.600000381469727,87371,0.0,0.0
2022-05-16 00:00:00-04:00,23.299999237060547,23.299999237060547,20.549999237060547,21.100000381469727,70782,0.0,0.0
2022-05-17 00:00:00-04:00,22.0,25.499000549316406,21.801000595092773,24.899999618530273,108817,0.0,0.0
2022-05-18 00:00:00-04:00,24.5,25.5,22.600000381469727,23.799999237060547,61664,0.0,0.0
2022-05-19 00:00:00-04:00,23.799999237060547,27.200000762939453,23.511999130249023,25.700000762939453,59570,0.0,0.0
2022-05-20 00:00:00-04:00,27.100000381469727,29.0,26.100000381469727,28.899999618530273,95685,0.0,0.0
2022-05-23 00:00:00-04:00,28.700000762939453,29.399999618530273,27.0,29.100000381469727,36963,0.0,0.0
2022-05-24 00:00:00-04:00,28.0,28.899999618530273,26.5,27.600000381469727,36666,0.0,0.0
2022-05-25 00:00:00-04:00,27.200000762939453,28.895000457763672,26.700000762939453,28.600000381469727,27806,0.0,0.0
2022-05-26 00:00:00-04:00,28.899999618530273,31.200000762939453,28.200000762939453,30.0,39369,0.0,0.0
2022-05-27 00:00:00-04:00,30.100000381469727,30.799999237060547,28.389999389648438,29.899999618530273,65942,0.0,0.0
2022-05-31 00:00:00-04:00,31.899999618530273,32.77399826049805,30.100000381469727,32.29999923706055,46131,0.0,0.0
2022-06-01 00:00:00-04:00,32.400001525878906,32.79999923706055,30.350000381469727,30.899999618530273,50144,0.0,0.0
2022-06-02 00:00:00-04:00,30.809999465942383,31.992000579833984,29.799999237060547,30.700000762939453,23081,0.0,0.0
2022-06-03 00:00:00-04:00,29.600000381469727,30.200000762939453,27.799999237060547,29.700000762939453,34551,0.0,0.0
2022-06-06 00:00:00-04:00,30.600000381469727,30.990999221801758,27.69300079345703,28.299999237060547,31540,0.0,0.0
2022-06-07 00:00:00-04:00,28.0,29.0,27.0,27.799999237060547,25201,0.0,0.0
2022-06-08 00:00:00-04:00,28.200000762939453,29.551000595092773,26.899999618530273,27.100000381469727,30896,0.0,0.0
2022-06-09 00:00:00-04:00,26.799999237060547,27.0,24.299999237060547,24.399999618530273,32315,0.0,0.0
2022-06-10 00:00:00-04:00,23.899999618530273,24.700000762939453,22.899999618530273,23.200000762939453,41737,0.0,0.0
2022-06-13 00:00:00-04:00,21.200000762939453,22.350000381469727,20.40999984741211,20.799999237060547,40903,0.0,0.0
2022-06-14 00:00:00-04:00,20.600000381469727,20.799999237060547,18.200000762939453,18.25,58473,0.0,0.0
2022-06-15 00:00:00-04:00,18.200000762939453,19.0,17.200000762939453,18.200000762939453,73141,0.0,0.0
2022-06-16 00:00:00-04:00,17.0,17.989999771118164,15.949999809265137,16.5,79438,0.0,0.0
2022-06-17 00:00:00-04:00,16.399999618530273,17.14299964904785,15.5,15.600000381469727,117360,0.0,0.0
2022-06-21 00:00:00-04:00,16.899999618530273,18.700000762939453,16.0,16.700000762939453,96045,0.0,0.0
2022-06-22 00:00:00-04:00,16.5,17.700000762939453,16.399999618530273,16.799999237060547,53221,0.0,0.0
2022-06-23 00:00:00-04:00,17.100000381469727,18.5,16.399999618530273,18.200000762939453,47051,0.0,0.0
2022-06-24 00:00:00-04:00,18.899999618530273,21.0,18.399999618530273,19.100000381469727,158872,0.0,0.0
2022-06-27 00:00:00-04:00,19.899999618530273,20.200000762939453,18.0,18.399999618530273,33983,0.0,0.0
2022-06-28 00:00:00-04:00,22.600000381469727,24.39900016784668,17.600000381469727,18.100000381469727,318216,0.0,0.0
2022-06-29 00:00:00-04:00,17.600000381469727,17.700000762939453,16.0,16.200000762939453,68696,0.0,0.0
2022-06-30 00:00:00-04:00,15.899999618530273,17.299999237060547,14.600000381469727,16.600000381469727,49966,0.0,0.0
2022-07-01 00:00:00-04:00,16.899999618530273,18.0,15.899999618530273,16.399999618530273,53565,0.0,0.0
2022-07-05 00:00:00-04:00,16.5,18.0,15.89900016784668,17.899999618530273,49468,0.0,0.0
2022-07-06 00:00:00-04:00,17.799999237060547,18.25,16.700000762939453,17.399999618530273,32077,0.0,0.0
2022-07-07 00:00:00-04:00,17.399999618530273,19.888999938964844,17.399999618530273,19.5,51490,0.0,0.0
2022-07-08 00:00:00-04:00,19.399999618530273,20.599000930786133,18.700000762939453,19.700000762939453,39445,0.0,0.0
2022-07-11 00:00:00-04:00,19.399999618530273,19.718000411987305,17.799999237060547,18.399999618530273,46045,0.0,0.0
2022-07-12 00:00:00-04:00,18.299999237060547,19.200000762939453,17.799999237060547,18.200000762939453,10936,0.0,0.0
2022-07-13 00:00:00-04:00,17.5,19.5,17.5,18.700000762939453,23740,0.0,0.0
2022-07-14 00:00:00-04:00,17.899999618530273,18.700000762939453,17.0,18.200000762939453,31803,0.0,0.0
2022-07-15 00:00:00-04:00,18.399999618530273,18.700000762939453,16.799999237060547,18.299999237060547,49019,0.0,0.0
2022-07-18 00:00:00-04:00,18.899999618530273,21.0,17.950000762939453,18.0,84023,0.0,0.0
2022-07-19 00:00:00-04:00,19.0,21.700000762939453,18.996999740600586,21.399999618530273,63125,0.0,0.0
2022-07-20 00:00:00-04:00,27.0,34.400001525878906,25.899999618530273,32.099998474121094,10226261,0.0,0.0
2022-07-21 00:00:00-04:00,27.700000762939453,29.899999618530273,25.200000762939453,29.799999237060547,597304,0.0,0.0
2022-07-22 00:00:00-04:00,37.400001525878906,37.70000076293945,29.0,29.799999237060547,2761912,0.0,0.0
2022-07-25 00:00:00-04:00,26.5,28.200000762939453,23.799999237060547,25.299999237060547,264819,0.0,0.0
2022-07-26 00:00:00-04:00,23.700000762939453,24.5,22.0,23.5,138870,0.0,0.0
2022-07-27 00:00:00-04:00,25.399999618530273,27.299999237060547,23.0,26.0,755088,0.0,0.0
2022-07-28 00:00:00-04:00,25.299999237060547,26.5,23.299999237060547,24.600000381469727,297106,0.0,0.0
2022-07-29 00:00:00-04:00,24.399999618530273,25.299999237060547,23.700000762939453,25.100000381469727,163808,0.0,0.0
2022-08-01 00:00:00-04:00,24.200000762939453,24.5,22.301000595092773,23.299999237060547,105412,0.0,0.0
2022-08-02 00:00:00-04:00,22.719999313354492,23.38800048828125,21.899999618530273,22.799999237060547,151264,0.0,0.0
2022-08-03 00:00:00-04:00,22.700000762939453,24.75,22.5,24.5,112022,0.0,0.0
2022-08-04 00:00:00-04:00,24.5,26.711999893188477,24.202999114990234,25.200000762939453,108992,0.0,0.0
2022-08-05 00:00:00-04:00,24.799999237060547,25.799999237060547,24.11199951171875,25.200000762939453,57304,0.0,0.0
2022-08-08 00:00:00-04:00,26.0,28.600000381469727,26.0,28.299999237060547,163040,0.0,0.0
2022-08-09 00:00:00-04:00,28.0,28.0,25.200000762939453,25.399999618530273,65107,0.0,0.0
2022-08-10 00:00:00-04:00,26.799999237060547,28.200000762939453,25.801000595092773,27.799999237060547,70858,0.0,0.0
2022-08-11 00:00:00-04:00,29.399999618530273,32.5,28.299999237060547,29.100000381469727,191385,0.0,0.0
2022-08-12 00:00:00-04:00,28.799999237060547,32.5,28.510000228881836,32.099998474121094,127516,0.0,0.0
2022-08-15 00:00:00-04:00,32.099998474121094,37.900001525878906,32.0,36.099998474121094,218462,0.0,0.0
2022-08-16 00:00:00-04:00,35.099998474121094,35.099998474121094,30.399999618530273,31.899999618530273,202999,0.0,0.0
2022-08-17 00:00:00-04:00,27.600000381469727,28.200000762939453,23.299999237060547,23.799999237060547,296575,0.0,0.0
2022-08-18 00:00:00-04:00,24.5,24.5,21.5,22.200000762939453,146089,0.0,0.0
2022-08-19 00:00:00-04:00,20.799999237060547,21.200000762939453,19.399999618530273,19.5,142455,0.0,0.0
2022-08-22 00:00:00-04:00,19.100000381469727,21.0,19.0,19.200000762939453,84495,0.0,0.0
2022-08-23 00:00:00-04:00,19.100000381469727,20.0,18.5,19.5,60192,0.0,0.0
2022-08-24 00:00:00-04:00,19.5,20.0,18.799999237060547,19.899999618530273,62558,0.0,0.0
2022-08-25 00:00:00-04:00,20.299999237060547,20.600000381469727,19.299999237060547,20.200000762939453,52171,0.0,0.0
2022-08-26 00:00:00-04:00,20.0,20.149999618530273,18.100000381469727,18.200000762939453,68887,0.0,0.0
2022-08-29 00:00:00-04:00,18.0,18.804000854492188,16.200000762939453,16.600000381469727,93896,0.0,0.0
2022-08-30 00:00:00-04:00,16.700000762939453,17.299999237060547,13.800999641418457,14.0,200857,0.0,0.0
2022-08-31 00:00:00-04:00,15.100000381469727,15.100000381469727,13.5,13.899999618530273,157429,0.0,0.0
2022-09-01 00:00:00-04:00,13.5,13.899999618530273,12.800000190734863,13.699999809265137,89512,0.0,0.0
2022-09-02 00:00:00-04:00,13.899999618530273,14.399999618530273,13.100000381469727,14.0,74804,0.0,0.0
2022-09-06 00:00:00-04:00,14.399999618530273,14.399999618530273,13.0,13.0,99001,0.0,0.0
2022-09-07 00:00:00-04:00,13.100000381469727,13.600000381469727,12.699999809265137,13.600000381469727,76964,0.0,0.0
2022-09-08 00:00:00-04:00,13.300000190734863,14.899999618530273,13.300000190734863,14.600000381469727,90049,0.0,0.0
2022-09-09 00:00:00-04:00,15.5,17.399999618530273,15.300000190734863,16.100000381469727,176034,0.0,0.0
2022-09-12 00:00:00-04:00,16.799999237060547,17.299999237060547,15.300000190734863,16.600000381469727,97549,0.0,0.0
2022-09-13 00:00:00-04:00,15.300000190734863,15.699999809265137,14.5,14.5,135640,0.0,0.0
2022-09-14 00:00:00-04:00,14.600000381469727,15.100000381469727,14.5,14.800000190734863,38315,0.0,0.0
2022-09-15 00:00:00-04:00,14.699999809265137,15.399999618530273,13.5,13.800000190734863,107802,0.0,0.0
2022-09-16 00:00:00-04:00,13.300000190734863,13.604000091552734,12.399999618530273,12.399999618530273,142692,0.0,0.0
2022-09-19 00:00:00-04:00,12.0,13.100000381469727,11.899999618530273,12.899999618530273,64612,0.0,0.0
2022-09-20 00:00:00-04:00,12.600000381469727,12.699999809265137,11.699999809265137,11.699999809265137,63018,0.0,0.0
2022-09-21 00:00:00-04:00,11.800000190734863,12.350000381469727,10.899999618530273,11.0,120040,0.0,0.0
2022-09-22 00:00:00-04:00,11.899999618530273,12.194999694824219,10.600000381469727,10.899999618530273,115282,0.0,0.0
2022-09-23 00:00:00-04:00,10.699999809265137,11.300000190734863,10.401000022888184,11.0,93786,0.0,0.0
2022-09-26 00:00:00-04:00,10.899999618530273,11.399999618530273,10.100000381469727,10.199999809265137,82282,0.0,0.0
2022-09-27 00:00:00-04:00,10.5,10.699999809265137,10.0,10.5,183912,0.0,0.0
2022-09-28 00:00:00-04:00,10.100000381469727,11.0,10.100000381469727,10.800000190734863,62093,0.0,0.0
2022-09-29 00:00:00-04:00,10.600000381469727,10.600000381469727,10.0,10.100000381469727,69348,0.0,0.0
2022-09-30 00:00:00-04:00,10.100000381469727,11.399999618530273,10.100000381469727,10.399999618530273,60322,0.0,0.0
2022-10-03 00:00:00-04:00,10.699999809265137,11.100000381469727,10.399999618530273,10.899999618530273,54618,0.0,0.0
2022-10-04 00:00:00-04:00,11.300000190734863,12.100000381469727,11.100000381469727,11.399999618530273,113331,0.0,0.0
2022-10-05 00:00:00-04:00,11.5,11.699999809265137,10.600000381469727,11.699999809265137,50568,0.0,0.0
2022-10-06 00:00:00-04:00,11.600000381469727,12.156999588012695,11.0,11.199999809265137,61999,0.0,0.0
2022-10-07 00:00:00-04:00,11.0,11.0,10.0,10.300000190734863,79368,0.0,0.0
2022-10-10 00:00:00-04:00,10.600000381469727,10.600000381469727,9.605999946594238,9.630000114440918,84672,0.0,0.0
2022-10-11 00:00:00-04:00,9.630000114440918,9.800000190734863,8.800000190734863,8.845000267028809,93048,0.0,0.0
2022-10-12 00:00:00-04:00,9.14799976348877,9.149999618530273,8.201000213623047,8.574999809265137,102722,0.0,0.0
2022-10-13 00:00:00-04:00,8.5,9.822999954223633,8.10099983215332,9.770000457763672,112539,0.0,0.0
2022-10-14 00:00:00-04:00,9.878999710083008,9.982999801635742,9.401000022888184,9.49899959564209,31236,0.0,0.0
2022-10-17 00:00:00-04:00,10.100000381469727,11.100000381469727,9.875,10.399999618530273,76223,0.0,0.0
2022-10-18 00:00:00-04:00,11.0,11.0,9.3149995803833,9.779000282287598,79843,0.0,0.0
2022-10-19 00:00:00-04:00,9.800000190734863,10.199999809265137,9.100000381469727,9.204000473022461,43493,0.0,0.0
2022-10-20 00:00:00-04:00,9.300000190734863,9.47700023651123,9.0,9.253000259399414,24379,0.0,0.0
2022-10-21 00:00:00-04:00,9.00100040435791,9.222000122070312,8.560999870300293,8.560999870300293,69664,0.0,0.0
2022-10-24 00:00:00-04:00,9.399999618530273,9.399999618530273,8.300000190734863,8.482999801635742,52403,0.0,0.0
2022-10-25 00:00:00-04:00,8.5,10.800000190734863,8.399999618530273,9.40999984741211,223155,0.0,0.0
2022-10-26 00:00:00-04:00,9.600000381469727,10.399999618530273,9.100000381469727,9.3149995803833,109525,0.0,0.0
2022-10-27 00:00:00-04:00,9.600000381469727,10.100000381469727,8.512999534606934,8.699999809265137,85213,0.0,0.0
2022-10-28 00:00:00-04:00,8.901000022888184,10.0,8.625,9.699999809265137,105782,0.0,0.0
2022-10-31 00:00:00-04:00,9.720000267028809,10.5,9.300000190734863,9.50100040435791,57953,0.0,0.0
2022-11-01 00:00:00-04:00,9.972000122070312,9.972000122070312,9.0,9.211999893188477,43405,0.0,0.0
2022-11-02 00:00:00-04:00,9.265000343322754,9.300000190734863,8.800000190734863,9.25,48332,0.0,0.0
2022-11-03 00:00:00-04:00,9.25,9.399999618530273,8.199999809265137,8.366000175476074,88349,0.0,0.0
2022-11-04 00:00:00-04:00,8.399999618530273,8.64900016784668,8.005000114440918,8.140999794006348,72432,0.0,0.0
2022-11-07 00:00:00-05:00,8.600000381469727,8.600000381469727,7.940999984741211,8.100000381469727,44466,0.0,0.0
2022-11-08 00:00:00-05:00,8.100000381469727,8.399999618530273,7.614999771118164,8.263999938964844,79045,0.0,0.0
2022-11-09 00:00:00-05:00,7.800000190734863,8.097999572753906,6.815999984741211,6.989999771118164,107434,0.0,0.0
2022-11-10 00:00:00-05:00,7.211999893188477,7.9730000495910645,7.199999809265137,7.888999938964844,74675,0.0,0.0
2022-11-11 00:00:00-05:00,8.0,8.300000190734863,7.511000156402588,7.946000099182129,64837,0.0,0.0
2022-11-14 00:00:00-05:00,8.032999992370605,8.179800033569336,7.401000022888184,7.611999988555908,54258,0.0,0.0
2022-11-15 00:00:00-05:00,8.057999610900879,8.699999809265137,7.699999809265137,8.668000221252441,57046,0.0,0.0
2022-11-16 00:00:00-05:00,8.479000091552734,8.49899959564209,8.0,8.055999755859375,55589,0.0,0.0
2022-11-17 00:00:00-05:00,8.0,8.300000190734863,7.800000190734863,8.199999809265137,42843,0.0,0.0
2022-11-18 00:00:00-05:00,8.0,8.54800033569336,7.801000118255615,7.96999979019165,29917,0.0,0.0
2022-11-21 00:00:00-05:00,7.875,8.093999862670898,7.116000175476074,7.420000076293945,37330,0.0,0.0
2022-11-22 00:00:00-05:00,7.400000095367432,7.599999904632568,7.0,7.376999855041504,45566,0.0,0.0
2022-11-23 00:00:00-05:00,7.699999809265137,8.5,7.199999809265137,7.6570000648498535,57549,0.0,0.0
2022-11-25 00:00:00-05:00,7.800000190734863,8.300000190734863,7.599999904632568,8.10099983215332,19085,0.0,0.0
2022-11-28 00:00:00-05:00,8.199999809265137,8.39900016784668,7.400000095367432,7.617000102996826,47142,0.0,0.0
2022-11-29 00:00:00-05:00,7.849999904632568,7.849999904632568,7.201000213623047,7.400000095367432,42974,0.0,0.0
2022-11-30 00:00:00-05:00,7.824999809265137,7.824999809265137,7.0,7.300000190734863,58723,0.0,0.0
2022-12-01 00:00:00-05:00,7.400000095367432,7.422999858856201,6.840000152587891,6.934999942779541,84747,0.0,0.0
2022-12-02 00:00:00-05:00,6.900000095367432,7.090000152587891,6.699999809265137,6.820000171661377,73576,0.0,0.0
2022-12-05 00:00:00-05:00,7.089000225067139,7.199999809265137,6.776000022888184,6.8379998207092285,56856,0.0,0.0
2022-12-06 00:00:00-05:00,6.900000095367432,6.947999954223633,5.099999904632568,5.10099983215332,210689,0.0,0.0
2022-12-07 00:00:00-05:00,5.355000019073486,5.4120001792907715,5.007999897003174,5.135000228881836,67547,0.0,0.0
2022-12-08 00:00:00-05:00,5.400000095367432,5.400000095367432,5.000999927520752,5.316999912261963,46926,0.0,0.0
2022-12-09 00:00:00-05:00,5.3520002365112305,5.3520002365112305,5.0,5.090000152587891,53491,0.0,0.0
2022-12-12 00:00:00-05:00,5.033999919891357,5.215000152587891,4.802999973297119,4.868000030517578,99031,0.0,0.0
2022-12-13 00:00:00-05:00,5.0920000076293945,5.300000190734863,4.699999809265137,5.099999904632568,98235,0.0,0.0
2022-12-14 00:00:00-05:00,5.065000057220459,5.199999809265137,4.73199987411499,5.099999904632568,52843,0.0,0.0
2022-12-15 00:00:00-05:00,4.900000095367432,5.0,4.699999809265137,4.723999977111816,49002,0.0,0.0
2022-12-16 00:00:00-05:00,4.699999809265137,5.0,4.610000133514404,4.699999809265137,34669,0.0,0.0
2022-12-19 00:00:00-05:00,4.945000171661377,4.945000171661377,4.599999904632568,4.599999904632568,39522,0.0,0.0
2022-12-20 00:00:00-05:00,4.599999904632568,4.644999980926514,4.400000095367432,4.401000022888184,53473,0.0,0.0
2022-12-21 00:00:00-05:00,4.4710001945495605,4.644999980926514,4.300000190734863,4.500999927520752,52748,0.0,0.0
2022-12-22 00:00:00-05:00,4.875999927520752,4.932000160217285,4.301000118255615,4.671999931335449,36515,0.0,0.0
2022-12-23 00:00:00-05:00,4.671999931335449,4.690000057220459,4.331999778747559,4.599999904632568,18111,0.0,0.0
2022-12-27 00:00:00-05:00,4.699999809265137,4.789999961853027,4.130000114440918,4.2820000648498535,40877,0.0,0.0
2022-12-28 00:00:00-05:00,4.300000190734863,4.300000190734863,4.0,4.099999904632568,44515,0.0,0.0
2022-12-29 00:00:00-05:00,4.400000095367432,4.599999904632568,4.099999904632568,4.521999835968018,63113,0.0,0.0
2022-12-30 00:00:00-05:00,4.433000087738037,4.790999889373779,4.130000114440918,4.790999889373779,58492,0.0,0.0
2023-01-03 00:00:00-05:00,5.199999809265137,5.199999809265137,4.099999904632568,4.300000190734863,70998,0.0,0.0
2023-01-04 00:00:00-05:00,4.598999977111816,4.699999809265137,4.0,4.267000198364258,134381,0.0,0.0
2023-01-05 00:00:00-05:00,4.304999828338623,4.5,4.0,4.171999931335449,86467,0.0,0.0
2023-01-06 00:00:00-05:00,4.199999809265137,4.75,4.050000190734863,4.650000095367432,88775,0.0,0.0
2023-01-09 00:00:00-05:00,4.800000190734863,5.199999809265137,4.599999904632568,4.739999771118164,128933,0.0,0.0
2023-01-10 00:00:00-05:00,4.827000141143799,5.300000190734863,4.400000095367432,4.947999954223633,111172,0.0,0.0
2023-01-11 00:00:00-05:00,5.0920000076293945,5.599999904632568,4.868000030517578,5.0,138993,0.0,0.0
2023-01-12 00:00:00-05:00,5.425000190734863,6.400000095367432,5.001999855041504,6.298999786376953,320218,0.0,0.0
2023-01-13 00:00:00-05:00,6.327000141143799,7.730000019073486,6.0,6.510000228881836,288627,0.0,0.0
2023-01-17 00:00:00-05:00,7.75,7.849999904632568,6.199999809265137,6.960000038146973,315258,0.0,0.0
2023-01-18 00:00:00-05:00,6.960000038146973,7.125999927520752,5.724999904632568,6.039999961853027,207061,0.0,0.0
2023-01-19 00:00:00-05:00,6.300000190734863,6.400000095367432,5.636000156402588,5.951000213623047,135033,0.0,0.0
2023-01-20 00:00:00-05:00,6.0,7.0,5.699999809265137,6.460000038146973,275030,0.0,0.0
2023-01-23 00:00:00-05:00,6.800000190734863,6.949999809265137,6.111000061035156,6.5,178536,0.0,0.0
2023-01-24 00:00:00-05:00,6.630000114440918,6.699999809265137,6.230000019073486,6.4079999923706055,81631,0.0,0.0
2023-01-25 00:00:00-05:00,6.099999904632568,6.360000133514404,5.690000057220459,6.104000091552734,167452,0.0,0.0
2023-01-26 00:00:00-05:00,6.298999786376953,6.400000095367432,6.0,6.000999927520752,131500,0.0,0.0
2023-01-27 00:00:00-05:00,6.098999977111816,6.25,5.849999904632568,6.099999904632568,129990,0.0,0.0
2023-01-30 00:00:00-05:00,6.199999809265137,6.302000045776367,5.5,5.5,159013,0.0,0.0
2023-01-31 00:00:00-05:00,5.710000038146973,5.800000190734863,5.449999809265137,5.5,90665,0.0,0.0
2023-02-01 00:00:00-05:00,5.599999904632568,6.035999774932861,5.5,6.0,161662,0.0,0.0
2023-02-02 00:00:00-05:00,6.25,6.599999904632568,5.900000095367432,6.0,277981,0.0,0.0
2023-02-03 00:00:00-05:00,5.699999809265137,6.144000053405762,5.263999938964844,5.701000213623047,135182,0.0,0.0
2023-02-06 00:00:00-05:00,5.505000114440918,5.8429999351501465,5.449999809265137,5.599999904632568,98962,0.0,0.0
2023-02-07 00:00:00-05:00,5.901000022888184,6.289999961853027,5.5,6.199999809265137,138462,0.0,0.0
2023-02-08 00:00:00-05:00,6.684999942779541,6.684999942779541,5.699999809265137,5.900000095367432,94153,0.0,0.0
2023-02-09 00:00:00-05:00,5.849999904632568,6.02400016784668,5.300000190734863,5.420000076293945,109509,0.0,0.0
2023-02-10 00:00:00-05:00,5.47599983215332,5.699999809265137,5.015999794006348,5.171000003814697,92414,0.0,0.0
2023-02-13 00:00:00-05:00,5.460000038146973,5.499000072479248,4.199999809265137,4.5,159119,0.0,0.0
2023-02-14 00:00:00-05:00,4.900000095367432,5.000999927520752,4.250999927520752,4.695000171661377,149912,0.0,0.0
2023-02-15 00:00:00-05:00,4.730000019073486,6.300000190734863,4.7210001945495605,6.099999904632568,489744,0.0,0.0
2023-02-16 00:00:00-05:00,6.0,9.369999885559082,5.624000072479248,7.2729997634887695,1533772,0.0,0.0
2023-02-17 00:00:00-05:00,6.9710001945495605,8.300000190734863,6.659999847412109,8.072999954223633,541327,0.0,0.0
2023-02-21 00:00:00-05:00,8.312999725341797,8.699999809265137,7.099999904632568,7.203999996185303,334077,0.0,0.0
2023-02-22 00:00:00-05:00,7.300000190734863,7.5,6.300000190734863,6.304999828338623,197331,0.0,0.0
2023-02-23 00:00:00-05:00,6.599999904632568,6.78000020980835,6.0,6.480000019073486,179014,0.0,0.0
2023-02-24 00:00:00-05:00,6.140999794006348,6.289999961853027,5.800000190734863,6.199999809265137,116034,0.0,0.0
2023-02-27 00:00:00-05:00,6.230000019073486,6.379000186920166,5.900000095367432,6.0,119221,0.0,0.0
2023-02-28 00:00:00-05:00,5.800000190734863,6.179999828338623,5.800000190734863,5.900000095367432,115548,0.0,0.0
2023-03-01 00:00:00-05:00,5.928999900817871,6.0,5.699999809265137,5.848999977111816,101654,0.0,0.0
2023-03-02 00:00:00-05:00,5.771999835968018,6.099999904632568,5.599999904632568,5.684999942779541,118658,0.0,0.0
2023-03-03 00:00:00-05:00,5.4670000076293945,5.697000026702881,5.199999809265137,5.39300012588501,134012,0.0,0.0
2023-03-06 00:00:00-05:00,5.650000095367432,5.650000095367432,5.163000106811523,5.28000020980835,107726,0.0,0.0
2023-03-07 00:00:00-05:00,5.300000190734863,5.364999771118164,5.0,5.078999996185303,70956,0.0,0.0
2023-03-08 00:00:00-05:00,5.019999980926514,5.466000080108643,4.599999904632568,5.201000213623047,139870,0.0,0.0
2023-03-09 00:00:00-05:00,5.289999961853027,5.289999961853027,4.656000137329102,4.764999866485596,83975,0.0,0.0
2023-03-10 00:00:00-05:00,4.599999904632568,4.760000228881836,4.5,4.514999866485596,113932,0.0,0.0
2023-03-13 00:00:00-04:00,5.0269999504089355,5.699999809265137,4.396999835968018,5.335000038146973,287139,0.0,0.0
2023-03-14 00:00:00-04:00,5.789999961853027,6.099999904632568,5.0,5.048999786376953,206699,0.0,0.0
2023-03-15 00:00:00-04:00,4.953000068664551,5.099999904632568,4.510000228881836,4.75,84412,0.0,0.0
2023-03-16 00:00:00-04:00,4.703000068664551,4.89900016784668,4.610000133514404,4.769999980926514,109756,0.0,0.0
2023-03-17 00:00:00-04:00,5.199999809265137,5.459000110626221,4.800000190734863,5.0,177082,0.0,0.0
2023-03-20 00:00:00-04:00,5.800000190734863,6.5,5.400000095367432,5.630000114440918,337948,0.0,0.0
2023-03-21 00:00:00-04:00,5.699999809265137,6.297999858856201,5.699999809265137,6.039999961853027,166519,0.0,0.0
2023-03-22 00:00:00-04:00,6.300000190734863,6.5,5.611000061035156,5.699999809265137,184713,0.0,0.0
2023-03-23 00:00:00-04:00,5.885000228881836,6.202000141143799,5.699999809265137,5.985000133514404,101203,0.0,0.0
2023-03-24 00:00:00-04:00,6.199999809265137,6.199999809265137,5.800000190734863,5.989999771118164,60979,0.0,0.0
2023-03-27 00:00:00-04:00,5.900000095367432,6.0,5.400000095367432,5.840000152587891,89968,0.0,0.0
2023-03-28 00:00:00-04:00,5.699999809265137,5.889999866485596,5.53000020980835,5.800000190734863,36038,0.0,0.0
2023-03-29 00:00:00-04:00,6.199999809265137,6.300000190734863,5.901000022888184,6.197000026702881,84410,0.0,0.0
2023-03-30 00:00:00-04:00,6.300000190734863,6.900000095367432,6.300000190734863,6.498000144958496,167322,0.0,0.0
2023-03-31 00:00:00-04:00,6.599999904632568,6.89900016784668,6.051000118255615,6.199999809265137,132884,0.0,0.0
2023-04-03 00:00:00-04:00,6.47599983215332,6.880000114440918,6.223999977111816,6.699999809265137,87639,0.0,0.0
2023-04-04 00:00:00-04:00,6.929999828338623,7.074999809265137,6.5,6.75,69316,0.0,0.0
2023-04-05 00:00:00-04:00,6.739999771118164,7.079999923706055,6.400000095367432,6.716000080108643,52702,0.0,0.0
2023-04-06 00:00:00-04:00,6.716000080108643,6.886000156402588,6.25,6.682000160217285,43581,0.0,0.0
2023-04-10 00:00:00-04:00,6.603000164031982,7.275000095367432,6.510000228881836,7.184999942779541,115663,0.0,0.0
2023-04-11 00:00:00-04:00,7.400000095367432,8.890000343322754,7.239999771118164,8.600000381469727,288149,0.0,0.0
2023-04-12 00:00:00-04:00,8.899999618530273,8.9399995803833,7.670000076293945,7.880000114440918,131520,0.0,0.0
2023-04-13 00:00:00-04:00,8.199999809265137,10.699999809265137,8.199999809265137,9.699999809265137,358939,0.0,0.0
2023-04-14 00:00:00-04:00,10.5,10.600000381469727,9.039999961853027,9.9399995803833,297609,0.0,0.0
2023-04-17 00:00:00-04:00,9.354000091552734,9.899999618530273,8.50100040435791,9.800000190734863,158167,0.0,0.0
2023-04-18 00:00:00-04:00,10.300000190734863,12.5,10.116000175476074,11.300000190734863,344330,0.0,0.0
2023-04-19 00:00:00-04:00,10.899999618530273,12.199999809265137,10.100000381469727,10.800000190734863,239240,0.0,0.0
2023-04-20 00:00:00-04:00,11.300000190734863,11.300000190734863,9.50100040435791,10.0,174728,0.0,0.0
2023-04-21 00:00:00-04:00,11.199999809265137,11.699999809265137,9.526000022888184,9.833999633789062,157767,0.0,0.0
2023-04-24 00:00:00-04:00,9.994000434875488,10.300000190734863,9.100000381469727,9.5,109356,0.0,0.0
2023-04-25 00:00:00-04:00,9.899999618530273,9.899999618530273,8.920000076293945,9.3149995803833,168723,0.0,0.0
2023-04-26 00:00:00-04:00,10.5,11.600000381469727,9.753999710083008,9.99899959564209,369198,0.0,0.0
2023-04-27 00:00:00-04:00,10.199999809265137,10.300000190734863,9.515999794006348,10.100000381469727,161662,0.0,0.0
2023-04-28 00:00:00-04:00,9.800000190734863,10.0,9.515000343322754,9.850000381469727,81692,0.0,0.0
2023-05-01 00:00:00-04:00,9.947999954223633,9.947999954223633,8.800000190734863,9.199999809265137,158081,0.0,0.0
2023-05-02 00:00:00-04:00,9.178000450134277,9.199999809265137,8.598999977111816,8.99899959564209,122977,0.0,0.0
2023-05-03 00:00:00-04:00,8.98900032043457,8.98900032043457,8.22700023651123,8.581999778747559,106449,0.0,0.0
2023-05-04 00:00:00-04:00,9.199999809265137,9.369999885559082,8.609999656677246,8.791000366210938,70075,0.0,0.0
2023-05-05 00:00:00-04:00,8.899999618530273,9.699999809265137,8.800000190734863,9.647000312805176,108822,0.0,0.0
2023-05-08 00:00:00-04:00,9.199999809265137,9.399999618530273,8.654999732971191,9.050999641418457,85881,0.0,0.0
2023-05-09 00:00:00-04:00,8.779999732971191,9.100000381469727,8.701000213623047,9.0,47912,0.0,0.0
2023-05-10 00:00:00-04:00,9.355999946594238,9.800000190734863,9.0,9.53499984741211,105942,0.0,0.0
2023-05-11 00:00:00-04:00,9.600000381469727,9.700499534606934,7.702000141143799,8.333000183105469,152304,0.0,0.0
2023-05-12 00:00:00-04:00,8.472999572753906,8.489999771118164,7.699999809265137,7.875,78331,0.0,0.0
2023-05-15 00:00:00-04:00,8.222000122070312,8.259599685668945,6.0,6.915999889373779,551870,0.0,0.0
2023-05-16 00:00:00-04:00,6.340000152587891,6.699999809265137,5.909999847412109,5.929999828338623,305899,0.0,0.1
2023-05-17 00:00:00-04:00,5.940000057220459,6.0,5.316100120544434,5.570000171661377,315737,0.0,0.0
2023-05-18 00:00:00-04:00,5.53000020980835,6.050000190734863,5.349999904632568,6.050000190734863,205432,0.0,0.0
2023-05-19 00:00:00-04:00,5.980000019073486,6.449999809265137,5.975299835205078,6.449999809265137,186029,0.0,0.0
2023-05-22 00:00:00-04:00,6.28000020980835,6.400000095367432,6.080100059509277,6.230000019073486,123131,0.0,0.0
2023-05-23 00:00:00-04:00,6.130000114440918,6.599999904632568,6.099999904632568,6.239999771118164,90297,0.0,0.0
2023-05-24 00:00:00-04:00,6.0,6.349999904632568,5.808899879455566,6.230000019073486,96874,0.0,0.0
2023-05-25 00:00:00-04:00,6.099999904632568,6.349999904632568,5.960000038146973,6.239999771118164,60529,0.0,0.0
2023-05-26 00:00:00-04:00,6.159999847412109,6.509200096130371,6.0,6.099999904632568,118651,0.0,0.0
2023-05-30 00:00:00-04:00,6.079999923706055,6.549900054931641,6.0,6.039999961853027,132663,0.0,0.0
2023-05-31 00:00:00-04:00,5.949999809265137,6.309999942779541,5.579999923706055,6.260000228881836,106770,0.0,0.0
2023-06-01 00:00:00-04:00,6.349999904632568,6.480000019073486,5.960000038146973,6.03000020980835,230305,0.0,0.0
2023-06-02 00:00:00-04:00,6.059999942779541,6.210000038146973,5.619999885559082,5.760000228881836,85607,0.0,0.0
2023-06-05 00:00:00-04:00,5.840000152587891,5.840000152587891,5.28000020980835,5.340000152587891,81235,0.0,0.0
2023-06-06 00:00:00-04:00,5.340000152587891,5.630000114440918,5.050000190734863,5.21999979019165,161470,0.0,0.0
2023-06-07 00:00:00-04:00,5.360000133514404,5.5,4.889999866485596,5.039999961853027,168642,0.0,0.0
2023-06-08 00:00:00-04:00,4.900000095367432,5.150000095367432,4.739999771118164,4.820000171661377,91014,0.0,0.0
2023-06-09 00:00:00-04:00,4.800000190734863,4.858500003814697,4.309999942779541,4.380000114440918,159505,0.0,0.0
2023-06-12 00:00:00-04:00,4.440000057220459,4.570000171661377,4.210000038146973,4.21999979019165,86981,0.0,0.0
2023-06-13 00:00:00-04:00,4.260000228881836,4.480000019073486,4.099999904632568,4.21999979019165,160522,0.0,0.0
2023-06-14 00:00:00-04:00,4.289999961853027,4.429999828338623,4.050000190734863,4.079999923706055,201164,0.0,0.0
2023-06-15 00:00:00-04:00,4.039999961853027,4.269999980926514,3.8399999141693115,4.03000020980835,280836,0.0,0.0
2023-06-16 00:00:00-04:00,4.570000171661377,4.570000171661377,3.9000000953674316,4.0,617928,0.0,0.0
2023-06-20 00:00:00-04:00,4.139999866485596,4.28000020980835,3.5799999237060547,4.130000114440918,633512,0.0,0.0
2023-06-21 00:00:00-04:00,4.230000019073486,4.784999847412109,4.21999979019165,4.380000114440918,817212,0.0,0.0
2023-06-22 00:00:00-04:00,4.420000076293945,4.53000020980835,3.919300079345703,4.119999885559082,395847,0.0,0.0
2023-06-23 00:00:00-04:00,4.210000038146973,4.599899768829346,4.019999980926514,4.25,429415,0.0,0.0
2023-06-26 00:00:00-04:00,4.368100166320801,4.400000095367432,3.950000047683716,3.9800000190734863,262623,0.0,0.0
2023-06-27 00:00:00-04:00,3.9700000286102295,4.199999809265137,3.9000000953674316,4.03000020980835,357639,0.0,0.0
2023-06-28 00:00:00-04:00,3.9100000858306885,4.050000190734863,3.890000104904175,3.940000057220459,160768,0.0,0.0
2023-06-29 00:00:00-04:00,4.0,4.2399001121521,3.75,3.940000057220459,297372,0.0,0.0
2023-06-30 00:00:00-04:00,4.0,4.190000057220459,3.880000114440918,4.179999828338623,190981,0.0,0.0
2023-07-03 00:00:00-04:00,4.179999828338623,5.199999809265137,4.179999828338623,5.099999904632568,481419,0.0,0.0
2023-07-05 00:00:00-04:00,4.829999923706055,6.289999961853027,4.559999942779541,5.929999828338623,1087168,0.0,0.0
2023-07-06 00:00:00-04:00,6.159999847412109,6.550000190734863,5.550099849700928,6.170000076293945,906892,0.0,0.0
2023-07-07 00:00:00-04:00,6.039999961853027,7.625,6.039999961853027,7.03000020980835,1470155,0.0,0.0
2023-07-10 00:00:00-04:00,7.449999809265137,9.210000038146973,7.099999904632568,9.039999961853027,1812315,0.0,0.0
2023-07-11 00:00:00-04:00,9.789999961853027,10.300000190734863,7.730000019073486,8.699999809265137,2264941,0.0,0.0
2023-07-12 00:00:00-04:00,9.039999961853027,9.300000190734863,8.220000267028809,8.479999542236328,751358,0.0,0.0
2023-07-13 00:00:00-04:00,8.359999656677246,9.960000038146973,8.359999656677246,9.369999885559082,1310182,0.0,0.0
2023-07-14 00:00:00-04:00,9.369999885559082,9.59000015258789,8.0,8.119999885559082,808421,0.0,0.0
2023-07-17 00:00:00-04:00,7.760000228881836,8.238699913024902,7.5,7.769999980926514,597000,0.0,0.0
2023-07-18 00:00:00-04:00,7.639999866485596,7.699999809265137,7.159999847412109,7.400000095367432,361599,0.0,0.0
2023-07-19 00:00:00-04:00,7.369999885559082,8.399999618530273,7.21999979019165,8.399999618530273,481609,0.0,0.0
2023-07-20 00:00:00-04:00,8.859999656677246,9.096599578857422,7.699999809265137,7.760000228881836,617371,0.0,0.0
2023-07-21 00:00:00-04:00,8.0,8.170000076293945,7.309999942779541,7.840000152587891,410436,0.0,0.0
2023-07-24 00:00:00-04:00,7.5,8.890000343322754,7.050000190734863,8.329999923706055,1103175,0.0,0.0
2023-07-25 00:00:00-04:00,8.300000190734863,9.039999961853027,8.199999809265137,8.329999923706055,479809,0.0,0.0
2023-07-26 00:00:00-04:00,8.329999923706055,9.689200401306152,8.329999923706055,9.59000015258789,683894,0.0,0.0
2023-07-27 00:00:00-04:00,9.6899995803833,10.0,8.529999732971191,9.010000228881836,664476,0.0,0.0
2023-07-28 00:00:00-04:00,8.779999732971191,9.249899864196777,8.670000076293945,8.890000343322754,285162,0.0,0.0
2023-07-31 00:00:00-04:00,8.819999694824219,9.069999694824219,8.100000381469727,8.869999885559082,586838,0.0,0.0
2023-08-01 00:00:00-04:00,8.460000038146973,8.579999923706055,8.050000190734863,8.380000114440918,366005,0.0,0.0
2023-08-02 00:00:00-04:00,8.329999923706055,8.550600051879883,7.790900230407715,8.119999885559082,273317,0.0,0.0
2023-08-03 00:00:00-04:00,7.920000076293945,8.039999961853027,7.5152997970581055,7.849999904632568,274309,0.0,0.0
2023-08-04 00:00:00-04:00,8.0,8.069999694824219,7.0,7.099999904632568,366523,0.0,0.0
2023-08-07 00:00:00-04:00,6.96999979019165,7.010000228881836,5.800000190734863,6.800000190734863,1100342,0.0,0.0
2023-08-08 00:00:00-04:00,6.429999828338623,7.949699878692627,6.349999904632568,7.739999771118164,1496141,0.0,0.0
2023-08-09 00:00:00-04:00,7.78000020980835,8.289999961853027,7.239999771118164,7.289999961853027,495714,0.0,0.0
2023-08-10 00:00:00-04:00,7.269999980926514,8.449999809265137,7.269999980926514,8.079999923706055,684001,0.0,0.0
2023-08-11 00:00:00-04:00,8.430000305175781,8.430000305175781,7.429999828338623,7.510000228881836,324216,0.0,0.0
2023-08-14 00:00:00-04:00,7.429999828338623,7.440400123596191,6.757900238037109,7.21999979019165,387666,0.0,0.0
2023-08-15 00:00:00-04:00,7.050000190734863,7.190000057220459,6.579999923706055,6.659999847412109,231699,0.0,0.0
2023-08-16 00:00:00-04:00,6.449999809265137,6.6493000984191895,6.010000228881836,6.090000152587891,364622,0.0,0.0
2023-08-17 00:00:00-04:00,6.119999885559082,6.190000057220459,5.489999771118164,5.650000095367432,411883,0.0,0.0
2023-08-18 00:00:00-04:00,5.409999847412109,5.769999980926514,5.130000114440918,5.329999923706055,450895,0.0,0.0
2023-08-21 00:00:00-04:00,5.409999847412109,5.694200038909912,5.300000190734863,5.5,323027,0.0,0.0
2023-08-22 00:00:00-04:00,5.760000228881836,5.909900188446045,5.489999771118164,5.559999942779541,191226,0.0,0.0
2023-08-23 00:00:00-04:00,5.5,6.210000038146973,5.470099925994873,5.989999771118164,395493,0.0,0.0
2023-08-24 00:00:00-04:00,6.050000190734863,6.050000190734863,5.400000095367432,5.429999828338623,252616,0.0,0.0
2023-08-25 00:00:00-04:00,5.550000190734863,5.659999847412109,5.349999904632568,5.590000152587891,142589,0.0,0.0
2023-08-28 00:00:00-04:00,5.53000020980835,5.71019983291626,5.310999870300293,5.360000133514404,214760,0.0,0.0
2023-08-29 00:00:00-04:00,5.380000114440918,6.389999866485596,5.289999961853027,6.179999828338623,927352,0.0,0.0
2023-08-30 00:00:00-04:00,6.050000190734863,6.119999885559082,5.570099830627441,5.949999809265137,284961,0.0,0.0
2023-08-31 00:00:00-04:00,5.980000019073486,6.150000095367432,5.559999942779541,5.610000133514404,270104,0.0,0.0
2023-09-01 00:00:00-04:00,5.699999809265137,5.78000020980835,5.03000020980835,5.110000133514404,455850,0.0,0.0
2023-09-05 00:00:00-04:00,5.010000228881836,5.099999904632568,4.480000019073486,4.5,532640,0.0,0.0
2023-09-06 00:00:00-04:00,4.550000190734863,4.894800186157227,4.429999828338623,4.460000038146973,493138,0.0,0.0
2023-09-07 00:00:00-04:00,4.389999866485596,4.75,4.119999885559082,4.679999828338623,351586,0.0,0.0
2023-09-08 00:00:00-04:00,4.679999828338623,4.760000228881836,4.510000228881836,4.579999923706055,197387,0.0,0.0
2023-09-11 00:00:00-04:00,4.599999904632568,4.599999904632568,4.130000114440918,4.159999847412109,330621,0.0,0.0
2023-09-12 00:00:00-04:00,4.28000020980835,4.880000114440918,4.25,4.650000095367432,293382,0.0,0.0
2023-09-13 00:00:00-04:00,4.71999979019165,4.739999771118164,4.5,4.539999961853027,175662,0.0,0.0
2023-09-14 00:00:00-04:00,4.699999809265137,4.989999771118164,4.650000095367432,4.809999942779541,296414,0.0,0.0
2023-09-15 00:00:00-04:00,4.869999885559082,4.889900207519531,4.599999904632568,4.599999904632568,170006,0.0,0.0
2023-09-18 00:00:00-04:00,4.840000152587891,5.190000057220459,4.599999904632568,4.639999866485596,403013,0.0,0.0
2023-09-19 00:00:00-04:00,4.670000076293945,4.794899940490723,4.440000057220459,4.71999979019165,184175,0.0,0.0
2023-09-20 00:00:00-04:00,4.699999809265137,4.769999980926514,4.550000190734863,4.559999942779541,129061,0.0,0.0
2023-09-21 00:00:00-04:00,4.5,4.646999835968018,4.380000114440918,4.510000228881836,147869,0.0,0.0
2023-09-22 00:00:00-04:00,4.539999961853027,4.597300052642822,4.170000076293945,4.210000038146973,297015,0.0,0.0
2023-09-25 00:00:00-04:00,4.119999885559082,4.295000076293945,4.039999961853027,4.190000057220459,122358,0.0,0.0
2023-09-26 00:00:00-04:00,4.179999828338623,4.275000095367432,4.060100078582764,4.090000152587891,94597,0.0,0.0
2023-09-27 00:00:00-04:00,4.130000114440918,4.289999961853027,4.019999980926514,4.099999904632568,198567,0.0,0.0
2023-09-28 00:00:00-04:00,4.110000133514404,4.438499927520752,4.010000228881836,4.28000020980835,277337,0.0,0.0
2023-09-29 00:00:00-04:00,4.400000095367432,4.489999771118164,4.25,4.349999904632568,129620,0.0,0.0
2023-10-02 00:00:00-04:00,4.75,4.874499797821045,4.429999828338623,4.53000020980835,198714,0.0,0.0
2023-10-03 00:00:00-04:00,4.389999866485596,4.465000152587891,4.070000171661377,4.099999904632568,144718,0.0,0.0
2023-10-04 00:00:00-04:00,4.320000171661377,4.420000076293945,4.119999885559082,4.28000020980835,119500,0.0,0.0
2023-10-05 00:00:00-04:00,4.300000190734863,4.429900169372559,4.119999885559082,4.210000038146973,109869,0.0,0.0
2023-10-06 00:00:00-04:00,4.110000133514404,4.559999942779541,4.090000152587891,4.510000228881836,167065,0.0,0.0
2023-10-09 00:00:00-04:00,4.369999885559082,4.46999979019165,4.210100173950195,4.369999885559082,129960,0.0,0.0
2023-10-10 00:00:00-04:00,4.360000133514404,4.638899803161621,4.298799991607666,4.550000190734863,90272,0.0,0.0
2023-10-11 00:00:00-04:00,4.579999923706055,4.579999923706055,4.120999813079834,4.179999828338623,257876,0.0,0.0
2023-10-12 00:00:00-04:00,4.210000038146973,4.260000228881836,4.019999980926514,4.119999885559082,108362,0.0,0.0
2023-10-13 00:00:00-04:00,4.079999923706055,4.25,3.9600000381469727,4.090000152587891,203196,0.0,0.0
2023-10-16 00:00:00-04:00,4.300000190734863,4.519999980926514,4.170000076293945,4.289999961853027,261030,0.0,0.0
2023-10-17 00:00:00-04:00,4.230000019073486,4.625,4.21999979019165,4.420000076293945,195869,0.0,0.0
2023-10-18 00:00:00-04:00,4.429999828338623,4.531499862670898,4.174099922180176,4.210000038146973,88487,0.0,0.0
2023-10-19 00:00:00-04:00,4.239999771118164,4.28000020980835,4.099999904632568,4.150000095367432,141706,0.0,0.0
2023-10-20 00:00:00-04:00,4.230000019073486,4.4496002197265625,4.130000114440918,4.199999809265137,175683,0.0,0.0
2023-10-23 00:00:00-04:00,4.320000171661377,4.789999961853027,4.150000095367432,4.71999979019165,352195,0.0,0.0
2023-10-24 00:00:00-04:00,5.019999980926514,5.480000019073486,4.740099906921387,4.78000020980835,727875,0.0,0.0
2023-10-25 00:00:00-04:00,4.869999885559082,4.971399784088135,4.498899936676025,4.599999904632568,335000,0.0,0.0
2023-10-26 00:00:00-04:00,4.519999980926514,4.550000190734863,4.210000038146973,4.239999771118164,225736,0.0,0.0
2023-10-27 00:00:00-04:00,4.269999980926514,4.409999847412109,4.119999885559082,4.190000057220459,95653,0.0,0.0
2023-10-30 00:00:00-04:00,4.400000095367432,4.544000148773193,4.139999866485596,4.28000020980835,215766,0.0,0.0
2023-10-31 00:00:00-04:00,4.199999809265137,4.349999904632568,4.119999885559082,4.25,128077,0.0,0.0
2023-11-01 00:00:00-04:00,4.389999866485596,4.389999866485596,4.050000190734863,4.119999885559082,205191,0.0,0.0
2023-11-02 00:00:00-04:00,4.269999980926514,4.5,4.210000038146973,4.489999771118164,309309,0.0,0.0
2023-11-03 00:00:00-04:00,4.489999771118164,4.699999809265137,4.370100021362305,4.53000020980835,246708,0.0,0.0
2023-11-06 00:00:00-05:00,4.610000133514404,4.610000133514404,4.099999904632568,4.25,345737,0.0,0.0
2023-11-07 00:00:00-05:00,4.210000038146973,4.239999771118164,4.03000020980835,4.190000057220459,226940,0.0,0.0
2023-11-08 00:00:00-05:00,4.210000038146973,4.210000038146973,3.9700000286102295,4.050000190734863,193962,0.0,0.0
2023-11-09 00:00:00-05:00,4.199999809265137,4.644999980926514,3.9700000286102295,4.03000020980835,745194,0.0,0.0
2023-11-10 00:00:00-05:00,4.019999980926514,4.157700061798096,3.799999952316284,3.890000104904175,408553,0.0,0.0
2023-11-13 00:00:00-05:00,3.859999895095825,3.930000066757202,3.619999885559082,3.7799999713897705,211828,0.0,0.0
2023-11-14 00:00:00-05:00,3.7100000381469727,3.9992001056671143,3.4600000381469727,3.680000066757202,323893,0.0,0.0
2023-11-15 00:00:00-05:00,3.7300000190734863,4.188300132751465,3.7100000381469727,3.9800000190734863,499362,0.0,0.0
2023-11-16 00:00:00-05:00,4.0,4.050000190734863,3.75,3.809999942779541,162527,0.0,0.0
2023-11-17 00:00:00-05:00,3.7899999618530273,3.990000009536743,3.750200033187866,3.9700000286102295,98242,0.0,0.0
2023-11-20 00:00:00-05:00,4.039999961853027,4.210000038146973,3.960200071334839,4.079999923706055,183821,0.0,0.0
2023-11-21 00:00:00-05:00,4.019999980926514,4.073699951171875,3.880000114440918,3.9000000953674316,134655,0.0,0.0
2023-11-22 00:00:00-05:00,4.0,4.050000190734863,3.8299999237060547,4.010000228881836,123420,0.0,0.0
2023-11-24 00:00:00-05:00,4.099999904632568,4.300000190734863,4.01200008392334,4.289999961853027,184841,0.0,0.0
2023-11-27 00:00:00-05:00,4.170000076293945,4.320000171661377,4.150000095367432,4.179999828338623,132916,0.0,0.0
2023-11-28 00:00:00-05:00,4.230000019073486,4.579999923706055,4.150000095367432,4.53000020980835,432582,0.0,0.0
2023-11-29 00:00:00-05:00,4.670000076293945,4.699999809265137,4.380000114440918,4.539999961853027,390498,0.0,0.0
2023-11-30 00:00:00-05:00,4.519999980926514,4.524600028991699,4.085000038146973,4.170000076293945,378842,0.0,0.0
2023-12-01 00:00:00-05:00,4.25,5.279699802398682,4.25,5.150000095367432,924243,0.0,0.0
2023-12-04 00:00:00-05:00,5.769999980926514,6.150000095367432,5.300000190734863,5.960000038146973,1438020,0.0,0.0
2023-12-05 00:00:00-05:00,5.940000057220459,6.339900016784668,5.760000228881836,6.010000228881836,1292470,0.0,0.0
2023-12-06 00:00:00-05:00,5.960000038146973,6.150000095367432,5.181700229644775,5.25,812471,0.0,0.0
2023-12-07 00:00:00-05:00,5.139999866485596,5.379700183868408,4.809999942779541,4.880000114440918,515249,0.0,0.0
2023-12-08 00:00:00-05:00,5.0,5.5,4.929999828338623,5.199999809265137,579786,0.0,0.0
2023-12-11 00:00:00-05:00,5.03000020980835,5.03000020980835,4.208700180053711,4.480000019073486,808482,0.0,0.0
2023-12-12 00:00:00-05:00,4.510000228881836,4.599999904632568,4.309999942779541,4.420000076293945,335137,0.0,0.0
2023-12-13 00:00:00-05:00,4.400000095367432,5.079999923706055,4.260000228881836,5.079999923706055,724238,0.0,0.0
2023-12-14 00:00:00-05:00,5.210000038146973,5.480000019073486,5.050000190734863,5.139999866485596,566138,0.0,0.0
2023-12-15 00:00:00-05:00,4.980000019073486,5.130000114440918,4.820000171661377,5.0,336284,0.0,0.0
2023-12-18 00:00:00-05:00,4.840000152587891,5.840000152587891,4.820000171661377,5.789999961853027,729013,0.0,0.0
2023-12-19 00:00:00-05:00,6.050000190734863,6.489999771118164,5.429999828338623,5.800000190734863,1199415,0.0,0.0
2023-12-20 00:00:00-05:00,6.0,6.940000057220459,5.78000020980835,6.070000171661377,1878257,0.0,0.0
2023-12-21 00:00:00-05:00,6.630000114440918,6.739999771118164,5.909999847412109,6.710000038146973,1415057,0.0,0.0
2023-12-22 00:00:00-05:00,6.920000076293945,9.279999732971191,6.550000190734863,8.789999961853027,4491453,0.0,0.0
2023-12-26 00:00:00-05:00,9.0,10.279899597167969,8.949999809265137,9.449999809265137,2955084,0.0,0.0
2023-12-27 00:00:00-05:00,10.0,11.5600004196167,9.947999954223633,11.3100004196167,3070681,0.0,0.0
2023-12-28 00:00:00-05:00,10.729999542236328,10.729999542236328,9.15999984741211,9.760000228881836,4321272,0.0,0.0
2023-12-29 00:00:00-05:00,9.899999618530273,10.100000381469727,7.010000228881836,7.300000190734863,4211548,0.0,0.0
2024-01-02 00:00:00-05:00,8.180000305175781,8.210000038146973,6.514999866485596,6.599999904632568,3330827,0.0,0.0
2024-01-03 00:00:00-05:00,6.0,6.849999904632568,6.0,6.409999847412109,1880522,0.0,0.0
2024-01-04 00:00:00-05:00,6.550000190734863,7.78000020980835,6.313700199127197,7.460000038146973,2636854,0.0,0.0
2024-01-05 00:00:00-05:00,7.449999809265137,7.449999809265137,6.610000133514404,7.190000057220459,1625204,0.0,0.0
2024-01-08 00:00:00-05:00,7.400000095367432,7.960000038146973,6.28000020980835,7.730000019073486,2767076,0.0,0.0
2024-01-09 00:00:00-05:00,7.380000114440918,7.860000133514404,7.199999809265137,7.360000133514404,878459,0.0,0.0
2024-01-10 00:00:00-05:00,6.849999904632568,7.599999904632568,6.650000095367432,6.940000057220459,1841209,0.0,0.0
2024-01-11 00:00:00-05:00,7.840000152587891,7.909999847412109,5.900000095367432,6.440000057220459,3212095,0.0,0.0
2024-01-12 00:00:00-05:00,6.199999809265137,6.289999961853027,5.220099925994873,5.389999866485596,1805632,0.0,0.0
2024-01-16 00:00:00-05:00,5.150000095367432,5.289999961853027,4.710000038146973,5.159999847412109,1175869,0.0,0.0
2024-01-17 00:00:00-05:00,4.920000076293945,5.190000057220459,4.800000190734863,5.170000076293945,536184,0.0,0.0
2024-01-18 00:00:00-05:00,5.210000038146973,5.28000020980835,4.710000038146973,5.079999923706055,968897,0.0,0.0
2024-01-19 00:00:00-05:00,5.139999866485596,5.139999866485596,4.420000076293945,5.110000133514404,1237181,0.0,0.0
2024-01-22 00:00:00-05:00,4.869999885559082,5.449999809265137,4.78000020980835,5.320000171661377,957014,0.0,0.0
2024-01-23 00:00:00-05:00,5.039999961853027,5.360000133514404,4.873000144958496,4.949999809265137,737321,0.0,0.0
2024-01-24 00:00:00-05:00,5.090000152587891,5.1859002113342285,4.809999942779541,4.929999828338623,715069,0.0,0.0
2024-01-25 00:00:00-05:00,4.929999828338623,5.349999904632568,4.860000133514404,5.239999771118164,884140,0.0,0.0
2024-01-26 00:00:00-05:00,5.539999961853027,5.820000171661377,5.400000095367432,5.820000171661377,966494,0.0,0.0
2024-01-29 00:00:00-05:00,5.829999923706055,6.099999904632568,5.46999979019165,5.75,960718,0.0,0.0
2024-01-30 00:00:00-05:00,5.619999885559082,5.730000019073486,5.110000133514404,5.210000038146973,866517,0.0,0.0
2024-01-31 00:00:00-05:00,5.019999980926514,5.299900054931641,4.900000095367432,4.909999847412109,664623,0.0,0.0
2024-02-01 00:00:00-05:00,4.909999847412109,5.070000171661377,4.659999847412109,4.699999809265137,571571,0.0,0.0
2024-02-02 00:00:00-05:00,4.670000076293945,4.75,4.460000038146973,4.519999980926514,548859,0.0,0.0
2024-02-05 00:00:00-05:00,4.519999980926514,4.539999961853027,4.260000228881836,4.28000020980835,436255,0.0,0.0
2024-02-06 00:00:00-05:00,4.28000020980835,4.579999923706055,4.200099945068359,4.579999923706055,326387,0.0,0.0
2024-02-07 00:00:00-05:00,4.5,4.670000076293945,4.269999980926514,4.610000133514404,522049,0.0,0.0
2024-02-08 00:00:00-05:00,4.75,5.330999851226807,4.670000076293945,5.300000190734863,939215,0.0,0.0
2024-02-09 00:00:00-05:00,5.730000019073486,5.920000076293945,5.300000190734863,5.599999904632568,1248068,0.0,0.0
2024-02-12 00:00:00-05:00,5.650000095367432,6.599899768829346,5.650000095367432,5.889999866485596,1563260,0.0,0.0
2024-02-13 00:00:00-05:00,5.489999771118164,5.880000114440918,5.309999942779541,5.429999828338623,683745,0.0,0.0
2024-02-14 00:00:00-05:00,6.099999904632568,6.400000095367432,5.800000190734863,6.320000171661377,1391554,0.0,0.0
2024-02-15 00:00:00-05:00,6.210000038146973,6.5,5.739999771118164,5.78000020980835,1141575,0.0,0.0
2024-02-16 00:00:00-05:00,5.809999942779541,5.89900016784668,5.480899810791016,5.519999980926514,645083,0.0,0.0
2024-02-20 00:00:00-05:00,5.550000190734863,5.789999961853027,4.870100021362305,5.190000057220459,754227,0.0,0.0
2024-02-21 00:00:00-05:00,4.949999809265137,5.090000152587891,4.809999942779541,4.860000133514404,367751,0.0,0.0
2024-02-22 00:00:00-05:00,5.090000152587891,5.150000095367432,4.699999809265137,4.710000038146973,725340,0.0,0.0
2024-02-23 00:00:00-05:00,4.75,4.793399810791016,4.489999771118164,4.639999866485596,501352,0.0,0.0
2024-02-26 00:00:00-05:00,4.679999828338623,5.159999847412109,4.679999828338623,5.0,1246894,0.0,0.0
2024-02-27 00:00:00-05:00,5.300000190734863,5.360000133514404,4.739999771118164,5.21999979019165,1538117,0.0,0.0
2024-02-28 00:00:00-05:00,5.289999961853027,5.389999866485596,4.679999828338623,4.78000020980835,1530129,0.0,0.0
2024-02-29 00:00:00-05:00,4.829999923706055,5.099999904632568,4.699999809265137,4.75,629484,0.0,0.0
2024-03-01 00:00:00-05:00,4.800000190734863,5.03000020980835,4.650000095367432,4.989999771118164,501897,0.0,0.0
2024-03-04 00:00:00-05:00,5.070000171661377,5.300000190734863,4.75,4.869999885559082,881047,0.0,0.0
2024-03-05 00:00:00-05:00,4.75,5.07889986038208,4.289999961853027,4.300000190734863,1238778,0.0,0.0
2024-03-06 00:00:00-05:00,4.360000133514404,4.449999809265137,3.9100000858306885,4.199999809265137,1007368,0.0,0.0
2024-03-07 00:00:00-05:00,4.25,4.489999771118164,4.110599994659424,4.409999847412109,409903,0.0,0.0
2024-03-08 00:00:00-05:00,4.409999847412109,4.929999828338623,4.350100040435791,4.809999942779541,664220,0.0,0.0
2024-03-11 00:00:00-04:00,4.940000057220459,4.96999979019165,4.409200191497803,4.440000057220459,459225,0.0,0.0
2024-03-12 00:00:00-04:00,4.400000095367432,4.400000095367432,4.090000152587891,4.199999809265137,361634,0.0,0.0
2024-03-13 00:00:00-04:00,4.150000095367432,4.380000114440918,4.03000020980835,4.170000076293945,324900,0.0,0.0
2024-03-14 00:00:00-04:00,4.159999847412109,4.159999847412109,3.7300000190734863,3.869999885559082,563497,0.0,0.0
2024-03-15 00:00:00-04:00,3.8499999046325684,4.150000095367432,3.8399999141693115,4.099999904632568,360620,0.0,0.0
2024-03-18 00:00:00-04:00,4.110000133514404,4.139999866485596,3.819999933242798,3.9000000953674316,329359,0.0,0.0
2024-03-19 00:00:00-04:00,3.8499999046325684,3.9800000190734863,3.7200000286102295,3.9100000858306885,268759,0.0,0.0
2024-03-20 00:00:00-04:00,3.869999885559082,4.340000152587891,3.8299999237060547,4.329999923706055,468342,0.0,0.0
2024-03-21 00:00:00-04:00,4.340000152587891,4.480000019073486,4.110000133514404,4.130000114440918,308560,0.0,0.0
2024-03-22 00:00:00-04:00,4.010000228881836,4.227200031280518,3.950000047683716,3.9700000286102295,435157,0.0,0.0
2024-03-25 00:00:00-04:00,4.010000228881836,4.300000190734863,4.010000228881836,4.050000190734863,400073,0.0,0.0
2024-03-26 00:00:00-04:00,4.139999866485596,4.139999866485596,3.740000009536743,3.740000009536743,425516,0.0,0.0
2024-03-27 00:00:00-04:00,3.880000114440918,3.950000047683716,3.700000047683716,3.8499999046325684,330952,0.0,0.0
2024-03-28 00:00:00-04:00,3.890000104904175,4.380000114440918,3.890000104904175,4.150000095367432,802087,0.0,0.0
2024-04-01 00:00:00-04:00,4.130000114440918,4.138599872589111,3.869999885559082,3.9000000953674316,251094,0.0,0.0
2024-04-02 00:00:00-04:00,3.819999933242798,3.9000000953674316,3.5,3.630000114440918,649039,0.0,0.0
2024-04-03 00:00:00-04:00,3.630000114440918,3.7899999618530273,3.5899999141693115,3.7200000286102295,131720,0.0,0.0
2024-04-04 00:00:00-04:00,3.75,3.880000114440918,3.609999895095825,3.640000104904175,281372,0.0,0.0
2024-04-05 00:00:00-04:00,3.609999895095825,3.7056000232696533,3.549999952316284,3.559999942779541,130155,0.0,0.0
2024-04-08 00:00:00-04:00,3.700000047683716,3.7899999618530273,3.4700000286102295,3.5399999618530273,217790,0.0,0.0
2024-04-09 00:00:00-04:00,3.490000009536743,3.661600112915039,3.490000009536743,3.5999999046325684,148389,0.0,0.0
2024-04-10 00:00:00-04:00,3.4700000286102295,3.5799999237060547,3.4100000858306885,3.509999990463257,151770,0.0,0.0
2024-04-11 00:00:00-04:00,3.569999933242798,3.5850000381469727,3.259999990463257,3.390000104904175,253161,0.0,0.0
2024-04-12 00:00:00-04:00,3.380000114440918,3.443700075149536,3.1500000953674316,3.1500000953674316,240667,0.0,0.0
2024-04-15 00:00:00-04:00,3.1600000858306885,3.190000057220459,2.1500000953674316,2.2300000190734863,1363636,0.0,0.0
2024-04-16 00:00:00-04:00,2.059999942779541,2.2799999713897705,1.649999976158142,2.259999990463257,814464,0.0,0.0
2024-04-17 00:00:00-04:00,2.2899999618530273,2.369999885559082,2.180000066757202,2.369999885559082,357498,0.0,0.0
2024-04-18 00:00:00-04:00,2.4600000381469727,2.880000114440918,2.2899999618530273,2.690000057220459,497875,0.0,0.0
2024-04-19 00:00:00-04:00,2.680000066757202,3.180000066757202,2.619999885559082,2.690000057220459,636964,0.0,0.0
2024-04-22 00:00:00-04:00,2.809999942779541,3.6700000762939453,2.699899911880493,3.640000104904175,1053465,0.0,0.0
2024-04-23 00:00:00-04:00,3.6500000953674316,4.300000190734863,3.5799999237060547,3.619999885559082,1303746,0.0,0.0
2024-04-24 00:00:00-04:00,3.5899999141693115,3.7499001026153564,3.359999895095825,3.490000009536743,530088,0.0,0.0
2024-04-25 00:00:00-04:00,3.299999952316284,3.859999895095825,3.2300000190734863,3.819999933242798,299699,0.0,0.0
2024-04-26 00:00:00-04:00,3.819999933242798,3.9200000762939453,3.4549999237060547,3.490000009536743,399237,0.0,0.0
2024-04-29 00:00:00-04:00,3.490000009536743,3.5199999809265137,3.119999885559082,3.1500000953674316,339256,0.0,0.0
2024-04-30 00:00:00-04:00,3.0299999713897705,3.289900064468384,3.0299999713897705,3.130000114440918,201821,0.0,0.0
2024-05-01 00:00:00-04:00,3.130000114440918,3.3299999237060547,3.0299999713897705,3.0899999141693115,172967,0.0,0.0
2024-05-02 00:00:00-04:00,3.309999942779541,3.5601999759674072,3.0000998973846436,3.200000047683716,625579,0.0,0.0
2024-05-03 00:00:00-04:00,3.3399999141693115,3.440000057220459,3.190000057220459,3.359999895095825,266725,0.0,0.0
2024-05-06 00:00:00-04:00,3.380000114440918,3.440000057220459,3.0857999324798584,3.140000104904175,486783,0.0,0.0
2024-05-07 00:00:00-04:00,3.130000114440918,3.130000114440918,2.8808999061584473,2.9600000381469727,318315,0.0,0.0
2024-05-08 00:00:00-04:00,2.8499999046325684,2.9800000190734863,2.809999942779541,2.9800000190734863,185929,0.0,0.0
2024-05-09 00:00:00-04:00,3.0299999713897705,3.1500000953674316,2.9100000858306885,3.109999895095825,237424,0.0,0.0
2024-05-10 00:00:00-04:00,3.140000104904175,3.140000104904175,2.8299999237060547,2.8299999237060547,277081,0.0,0.0
2024-05-13 00:00:00-04:00,2.940000057220459,3.020900011062622,2.7899999618530273,2.809999942779541,140469,0.0,0.0
2024-05-14 00:00:00-04:00,2.880000114440918,3.059999942779541,2.800100088119507,3.0,167426,0.0,0.0
2024-05-15 00:00:00-04:00,3.109999895095825,3.2100000381469727,2.936500072479248,3.0299999713897705,318482,0.0,0.0
2024-05-16 00:00:00-04:00,2.9800000190734863,3.0599000453948975,2.8499999046325684,2.930000066757202,256751,0.0,0.0
2024-05-17 00:00:00-04:00,2.9800000190734863,3.0899999141693115,2.700000047683716,2.7100000381469727,480767,0.0,0.0
2024-05-20 00:00:00-04:00,2.740000009536743,2.9600000381469727,2.650399923324585,2.950000047683716,310073,0.0,0.0
2024-05-21 00:00:00-04:00,2.9100000858306885,3.063999891281128,2.880000114440918,2.9200000762939453,238829,0.0,0.0
2024-05-22 00:00:00-04:00,2.869999885559082,3.2899999618530273,2.869999885559082,3.059999942779541,324242,0.0,0.0
2024-05-23 00:00:00-04:00,3.0899999141693115,3.0899999141693115,2.8499999046325684,2.859999895095825,246331,0.0,0.0
2024-05-24 00:00:00-04:00,2.9200000762939453,3.119999885559082,2.884999990463257,3.059999942779541,224001,0.0,0.0
2024-05-28 00:00:00-04:00,3.0999999046325684,3.1500000953674316,2.9702999591827393,3.059999942779541,89958,0.0,0.0
2024-05-29 00:00:00-04:00,3.0,3.0999999046325684,2.990000009536743,3.0299999713897705,77039,0.0,0.0
2024-05-30 00:00:00-04:00,3.049999952316284,3.299999952316284,3.049999952316284,3.119999885559082,152551,0.0,0.0
2024-05-31 00:00:00-04:00,3.130000114440918,3.174999952316284,2.799999952316284,2.799999952316284,349636,0.0,0.0
2024-06-03 00:00:00-04:00,2.9100000858306885,3.0399999618530273,2.7899999618530273,2.8399999141693115,204290,0.0,0.0
2024-06-04 00:00:00-04:00,2.8399999141693115,3.0799999237060547,2.809999942779541,3.0199999809265137,278240,0.0,0.0
2024-06-05 00:00:00-04:00,3.0899999141693115,3.190000057220459,2.9200000762939453,3.180000066757202,271288,0.0,0.0
2024-06-06 00:00:00-04:00,3.1500000953674316,4.230000019073486,3.109999895095825,3.950000047683716,1706566,0.0,0.0
2024-06-07 00:00:00-04:00,3.890000104904175,4.190000057220459,3.4200000762939453,3.5899999141693115,869567,0.0,0.0
2024-06-10 00:00:00-04:00,3.5199999809265137,3.7298998832702637,3.4700000286102295,3.5799999237060547,279357,0.0,0.0
2024-06-11 00:00:00-04:00,3.380000114440918,3.4999001026153564,3.1549999713897705,3.4200000762939453,382870,0.0,0.0
2024-06-12 00:00:00-04:00,3.5,4.119999885559082,3.5,3.8499999046325684,791934,0.0,0.0
2024-06-13 00:00:00-04:00,3.880000114440918,4.090000152587891,3.7300000190734863,3.930000066757202,445830,0.0,0.0
2024-06-14 00:00:00-04:00,3.950000047683716,4.529799938201904,3.7699999809265137,3.859999895095825,927883,0.0,0.0
2024-06-17 00:00:00-04:00,3.799999952316284,4.070000171661377,3.559999942779541,4.03000020980835,622373,0.0,0.0
2024-06-18 00:00:00-04:00,4.0,4.049900054931641,3.7300000190734863,3.7899999618530273,318711,0.0,0.0
2024-06-20 00:00:00-04:00,3.9200000762939453,4.400000095367432,3.8399999141693115,4.210000038146973,913004,0.0,0.0
2024-06-21 00:00:00-04:00,4.150000095367432,4.920000076293945,3.859999895095825,4.579999923706055,1287478,0.0,0.0
2024-06-24 00:00:00-04:00,4.260000228881836,4.989999771118164,4.230000019073486,4.579999923706055,928254,0.0,0.0
2024-06-25 00:00:00-04:00,4.610000133514404,5.289999961853027,4.409999847412109,4.460000038146973,1495956,0.0,0.0
2024-06-26 00:00:00-04:00,4.5,4.849999904632568,4.480000019073486,4.679999828338623,888221,0.0,0.0
2024-06-27 00:00:00-04:00,4.659999847412109,4.71999979019165,4.199999809265137,4.230000019073486,1240792,0.0,0.0
2024-06-28 00:00:00-04:00,4.230000019073486,4.340000152587891,4.050000190734863,4.289999961853027,815995,0.0,0.0
2024-07-01 00:00:00-04:00,4.360000133514404,4.679999828338623,4.25,4.570000171661377,974849,0.0,0.0
2024-07-02 00:00:00-04:00,4.570000171661377,4.599100112915039,4.170000076293945,4.230000019073486,423031,0.0,0.0
2024-07-03 00:00:00-04:00,4.150000095367432,4.289000034332275,4.03000020980835,4.179999828338623,299134,0.0,0.0
2024-07-05 00:00:00-04:00,4.0,4.070000171661377,3.799999952316284,3.950000047683716,537835,0.0,0.0
2024-07-08 00:00:00-04:00,4.059999942779541,4.139999866485596,3.799999952316284,3.859999895095825,416287,0.0,0.0
2024-07-09 00:00:00-04:00,3.880000114440918,3.9549999237060547,3.510699987411499,3.619999885559082,495279,0.0,0.0
2024-07-10 00:00:00-04:00,3.690000057220459,3.7699999809265137,3.5,3.5,313642,0.0,0.0
2024-07-11 00:00:00-04:00,3.640000104904175,3.719899892807007,3.4000000953674316,3.5999999046325684,349390,0.0,0.0
2024-07-12 00:00:00-04:00,3.5999999046325684,3.8254001140594482,3.5299999713897705,3.7899999618530273,273582,0.0,0.0
2024-07-15 00:00:00-04:00,3.9600000381469727,4.139999866485596,3.759999990463257,3.950000047683716,806337,0.0,0.0
2024-07-16 00:00:00-04:00,4.090000152587891,4.619999885559082,4.039999961853027,4.590000152587891,1246105,0.0,0.0
2024-07-17 00:00:00-04:00,4.449999809265137,4.829999923706055,4.150000095367432,4.199999809265137,594476,0.0,0.0
2024-07-18 00:00:00-04:00,4.289999961853027,4.304999828338623,3.7100000381469727,3.7249999046325684,419031,0.0,0.0
2024-07-19 00:00:00-04:00,3.75,4.090000152587891,3.6215999126434326,4.070000171661377,506355,0.0,0.0
2024-07-22 00:00:00-04:00,4.110000133514404,4.159999847412109,3.8499999046325684,4.070000171661377,561430,0.0,0.0
2024-07-23 00:00:00-04:00,4.059999942779541,4.190000057220459,3.7200000286102295,3.8399999141693115,572137,0.0,0.0
2024-07-24 00:00:00-04:00,3.799999952316284,3.9800000190734863,3.450000047683716,3.5,1397713,0.0,0.0
2024-07-25 00:00:00-04:00,3.5,3.6700000762939453,3.1700000762939453,3.1700000762939453,760326,0.0,0.0
2024-07-26 00:00:00-04:00,3.3499999046325684,3.369999885559082,3.109999895095825,3.2200000286102295,627423,0.0,0.0
2024-07-29 00:00:00-04:00,3.359999895095825,3.4000000953674316,2.9000000953674316,2.940000057220459,565760,0.0,0.0
2024-07-30 00:00:00-04:00,2.950000047683716,3.0399999618530273,2.759999990463257,2.759999990463257,573760,0.0,0.0
2024-07-31 00:00:00-04:00,2.8399999141693115,3.299999952316284,2.799999952316284,3.059999942779541,1018031,0.0,0.0
2024-08-01 00:00:00-04:00,3.059999942779541,3.130000114440918,2.825000047683716,2.8399999141693115,397195,0.0,0.0
2024-08-02 00:00:00-04:00,2.799999952316284,2.8399999141693115,2.5899999141693115,2.6700000762939453,506568,0.0,0.0
2024-08-05 00:00:00-04:00,1.9700000286102295,2.509999990463257,1.840000033378601,2.2899999618530273,976357,0.0,0.0
2024-08-06 00:00:00-04:00,2.380000114440918,2.450000047683716,2.2100000381469727,2.434999942779541,385192,0.0,0.0
2024-08-07 00:00:00-04:00,2.509999990463257,2.5399999618530273,2.240000009536743,2.259999990463257,323190,0.0,0.0
2024-08-08 00:00:00-04:00,2.319999933242798,2.7300000190734863,2.2699999809265137,2.7100000381469727,611997,0.0,0.0
2024-08-09 00:00:00-04:00,2.700000047683716,2.8399999141693115,2.559999942779541,2.819999933242798,329774,0.0,0.0
2024-08-12 00:00:00-04:00,2.8299999237060547,2.880000114440918,2.690000057220459,2.7799999713897705,357170,0.0,0.0
2024-08-13 00:00:00-04:00,2.799999952316284,2.799999952316284,2.4700000286102295,2.640000104904175,665034,0.0,0.0
2024-08-14 00:00:00-04:00,2.7200000286102295,2.950000047683716,2.5299999713897705,2.755000114440918,629937,0.0,0.0
2024-08-15 00:00:00-04:00,2.740000009536743,3.009999990463257,2.6700000762939453,2.744999885559082,564859,0.0,0.0
2024-08-16 00:00:00-04:00,2.7300000190734863,2.880000114440918,2.5799999237060547,2.609999895095825,547141,0.0,0.0
2024-08-19 00:00:00-04:00,2.619999885559082,2.809999942779541,2.569999933242798,2.799999952316284,442294,0.0,0.0
2024-08-20 00:00:00-04:00,2.75,2.9800000190734863,2.75,2.930000066757202,482127,0.0,0.0
2024-08-21 00:00:00-04:00,4.849999904632568,5.440000057220459,4.670000076293945,5.340000152587891,60383860,0.0,0.0
2024-08-22 00:00:00-04:00,5.179999828338623,5.368000030517578,4.829999923706055,4.900000095367432,2635627,0.0,0.0
2024-08-23 00:00:00-04:00,5.110000133514404,5.460000038146973,4.96999979019165,5.420000076293945,2200338,0.0,0.0
2024-08-26 00:00:00-04:00,5.449999809265137,5.550000190734863,5.199999809265137,5.300000190734863,988663,0.0,0.0
2024-08-27 00:00:00-04:00,5.199999809265137,5.260000228881836,4.989999771118164,5.0,688122,0.0,0.0
2024-08-28 00:00:00-04:00,4.989999771118164,5.0,4.739999771118164,4.789999961853027,784128,0.0,0.0
2024-08-29 00:00:00-04:00,4.860000133514404,5.110000133514404,4.840000152587891,4.849999904632568,902197,0.0,0.0
2024-08-30 00:00:00-04:00,4.900000095367432,4.909999847412109,4.710000038146973,4.820000171661377,555675,0.0,0.0
2024-09-03 00:00:00-04:00,4.78000020980835,4.829999923706055,4.360000133514404,4.400000095367432,921374,0.0,0.0
2024-09-04 00:00:00-04:00,4.349999904632568,4.510000228881836,4.248199939727783,4.329999923706055,455916,0.0,0.0
2024-09-05 00:00:00-04:00,4.360000133514404,4.4679999351501465,4.239999771118164,4.28000020980835,707558,0.0,0.0
2024-09-06 00:00:00-04:00,4.269999980926514,4.360000133514404,3.9000000953674316,3.990000009536743,866666,0.0,0.0
2024-09-09 00:00:00-04:00,4.059999942779541,4.360000133514404,4.059999942779541,4.349999904632568,596754,0.0,0.0
2024-09-10 00:00:00-04:00,4.340000152587891,4.539999961853027,4.199999809265137,4.519999980926514,317607,0.0,0.0
2024-09-11 00:00:00-04:00,4.46999979019165,4.525000095367432,4.239999771118164,4.46999979019165,278196,0.0,0.0
2024-09-12 00:00:00-04:00,4.449999809265137,4.699999809265137,4.349999904632568,4.579999923706055,440391,0.0,0.0
2024-09-13 00:00:00-04:00,4.639999866485596,4.829999923706055,4.559999942779541,4.610000133514404,800360,0.0,0.0
2024-09-16 00:00:00-04:00,4.519999980926514,4.539999961853027,4.37060022354126,4.440000057220459,471723,0.0,0.0
2024-09-17 00:00:00-04:00,4.539999961853027,4.71999979019165,4.489999771118164,4.539999961853027,365586,0.0,0.0
2024-09-18 00:00:00-04:00,4.46999979019165,4.71999979019165,4.309999942779541,4.309999942779541,456762,0.0,0.0
2024-09-19 00:00:00-04:00,4.539999961853027,4.699999809265137,4.489999771118164,4.510000228881836,487506,0.0,0.0
2024-09-20 00:00:00-04:00,4.559999942779541,4.58489990234375,4.340000152587891,4.400000095367432,536865,0.0,0.0
2024-09-23 00:00:00-04:00,4.460000038146973,4.800000190734863,4.420000076293945,4.670000076293945,778867,0.0,0.0
2024-09-24 00:00:00-04:00,4.789999961853027,5.079999923706055,4.699999809265137,5.070000171661377,510794,0.0,0.0
2024-09-25 00:00:00-04:00,5.059999942779541,5.170000076293945,4.940000057220459,4.949999809265137,388972,0.0,0.0
2024-09-26 00:00:00-04:00,5.059999942779541,5.329899787902832,5.039999961853027,5.170000076293945,496279,0.0,0.0
2024-09-27 00:00:00-04:00,5.239999771118164,5.360000133514404,5.139999866485596,5.239999771118164,495625,0.0,0.0
2024-09-30 00:00:00-04:00,5.039999961853027,5.199999809265137,4.900000095367432,5.050000190734863,615007,0.0,0.0
2024-10-01 00:00:00-04:00,4.989999771118164,5.052000045776367,4.610000133514404,4.739999771118164,365661,0.0,0.0
2024-10-02 00:00:00-04:00,4.679999828338623,4.78000020980835,4.599999904632568,4.710000038146973,220581,0.0,0.0
2024-10-03 00:00:00-04:00,4.639999866485596,4.730000019073486,4.539999961853027,4.659999847412109,194222,0.0,0.0
2024-10-04 00:00:00-04:00,4.699999809265137,4.849999904632568,4.630000114440918,4.659999847412109,480166,0.0,0.0
2024-10-07 00:00:00-04:00,4.630000114440918,4.699999809265137,4.350100040435791,4.440000057220459,340088,0.0,0.0
2024-10-08 00:00:00-04:00,4.440000057220459,4.46999979019165,4.239999771118164,4.269999980926514,254585,0.0,0.0
2024-10-09 00:00:00-04:00,4.25,4.300000190734863,4.119999885559082,4.139999866485596,177557,0.0,0.0
2024-10-10 00:00:00-04:00,4.110000133514404,4.135000228881836,4.010000228881836,4.070000171661377,153549,0.0,0.0
2024-10-11 00:00:00-04:00,4.159999847412109,4.360000133514404,4.150000095367432,4.315000057220459,315476,0.0,0.0
2024-10-14 00:00:00-04:00,4.480000019073486,4.579999923706055,4.300000190734863,4.360000133514404,282971,0.0,0.0
2024-10-15 00:00:00-04:00,4.320000171661377,4.460000038146973,4.180099964141846,4.199999809265137,550938,0.0,0.0
2024-10-16 00:00:00-04:00,4.260000228881836,4.380000114440918,4.15500020980835,4.375,556482,0.0,0.0
2024-10-17 00:00:00-04:00,4.389999866485596,4.389999866485596,4.190000057220459,4.230000019073486,219756,0.0,0.0
2024-10-18 00:00:00-04:00,4.340000152587891,4.789999961853027,4.320000171661377,4.789999961853027,325068,0.0,0.0
2024-10-21 00:00:00-04:00,4.78000020980835,4.9899001121521,4.5802001953125,4.960000038146973,397395,0.0,0.0
2024-10-22 00:00:00-04:00,4.929999828338623,5.010000228881836,4.78000020980835,4.96999979019165,207039,0.0,0.0
2024-10-23 00:00:00-04:00,4.849999904632568,4.909999847412109,4.480000019073486,4.630000114440918,361725,0.0,0.0
2024-10-24 00:00:00-04:00,4.679999828338623,4.871510028839111,4.565000057220459,4.71999979019165,304504,0.0,0.0
2024-10-25 00:00:00-04:00,4.800000190734863,4.800000190734863,4.460000038146973,4.489999771118164,357674,0.0,0.0
2024-10-28 00:00:00-04:00,4.559999942779541,5.179999828338623,4.559999942779541,5.135000228881836,502594,0.0,0.0
2024-10-29 00:00:00-04:00,5.360000133514404,5.698999881744385,5.2779998779296875,5.340000152587891,1317741,0.0,0.0
2024-10-30 00:00:00-04:00,5.230000019073486,5.46999979019165,5.099999904632568,5.119999885559082,581647,0.0,0.0
2024-10-31 00:00:00-04:00,5.099999904632568,5.119999885559082,4.570000171661377,4.619999885559082,672745,0.0,0.0
2024-11-01 00:00:00-04:00,4.619999885559082,4.849999904632568,4.400000095367432,4.40500020980835,293574,0.0,0.0
2024-11-04 00:00:00-05:00,4.269999980926514,4.360000133514404,4.050000190734863,4.059999942779541,471849,0.0,0.0
2024-11-05 00:00:00-05:00,4.139999866485596,4.420000076293945,4.139999866485596,4.340000152587891,351196,0.0,0.0
2024-11-06 00:00:00-05:00,4.809999942779541,5.199999809265137,4.659999847412109,5.090000152587891,835416,0.0,0.0
2024-11-07 00:00:00-05:00,5.050000190734863,5.485000133514404,5.019999980926514,5.409999847412109,456849,0.0,0.0
2024-11-08 00:00:00-05:00,5.320000171661377,5.429999828338623,5.158830165863037,5.380000114440918,767321,0.0,0.0
2024-11-11 00:00:00-05:00,5.900000095367432,6.590000152587891,5.900000095367432,6.489999771118164,1567583,0.0,0.0
2024-11-12 00:00:00-05:00,6.289999961853027,6.699999809265137,6.109300136566162,6.570000171661377,1036421,0.0,0.0
2024-11-13 00:00:00-05:00,6.300000190734863,6.699999809265137,5.324999809265137,5.335000038146973,1163546,0.0,0.0
2024-11-14 00:00:00-05:00,5.449999809265137,5.730000019073486,5.085000038146973,5.159999847412109,548869,0.0,0.0
2024-11-15 00:00:00-05:00,5.179999828338623,5.349999904632568,5.099999904632568,5.300000190734863,929606,0.0,0.0
2024-11-18 00:00:00-05:00,5.300000190734863,5.489999771118164,5.03000020980835,5.260000228881836,734019,0.0,0.0
2024-11-19 00:00:00-05:00,5.170000076293945,5.599999904632568,5.030600070953369,5.449999809265137,808908,0.0,0.0
2024-11-20 00:00:00-05:00,5.550000190734863,5.71999979019165,5.130000114440918,5.150000095367432,774288,0.0,0.0
2024-11-21 00:00:00-05:00,5.360000133514404,5.503799915313721,4.764999866485596,4.900000095367432,793601,0.0,0.0
2024-11-22 00:00:00-05:00,4.869999885559082,5.109799861907959,4.681399822235107,5.039999961853027,487821,0.0,0.0
2024-11-25 00:00:00-05:00,5.150000095367432,5.199999809265137,4.849999904632568,4.920000076293945,413964,0.0,0.0
2024-11-26 00:00:00-05:00,4.71999979019165,4.949999809265137,4.610000133514404,4.670000076293945,369892,0.0,0.0
2024-11-27 00:00:00-05:00,4.769999980926514,5.179999828338623,4.705999851226807,5.119999885559082,408166,0.0,0.0
2024-11-29 00:00:00-05:00,5.269999980926514,5.489999771118164,5.150000095367432,5.199999809265137,289980,0.0,0.0
2024-12-02 00:00:00-05:00,5.199999809265137,5.309999942779541,4.889999866485596,4.960000038146973,305258,0.0,0.0
2024-12-03 00:00:00-05:00,4.769999980926514,4.914999961853027,4.690000057220459,4.820000171661377,425145,0.0,0.0
2024-12-04 00:00:00-05:00,4.809999942779541,5.110000133514404,4.769999980926514,5.019999980926514,540660,0.0,0.0
2024-12-05 00:00:00-05:00,5.269999980926514,5.599999904632568,4.989999771118164,5.010000228881836,918298,0.0,0.0
2024-12-06 00:00:00-05:00,5.130000114440918,5.769999980926514,5.110000133514404,5.679999828338623,1575119,0.0,0.0
2024-12-09 00:00:00-05:00,5.679999828338623,5.769999980926514,5.159999847412109,5.230000019073486,686531,0.0,0.0
2024-12-10 00:00:00-05:00,5.21999979019165,5.300000190734863,4.840199947357178,4.869999885559082,630030,0.0,0.0
2024-12-11 00:00:00-05:00,4.949999809265137,5.119999885559082,4.900000095367432,5.019999980926514,560802,0.0,0.0
2024-12-12 00:00:00-05:00,4.989999771118164,5.28000020980835,4.919099807739258,4.96999979019165,1180866,0.0,0.0
2024-12-13 00:00:00-05:00,4.949999809265137,5.03000020980835,4.75,4.789999961853027,443939,0.0,0.0
2024-12-16 00:00:00-05:00,4.75,5.239999771118164,4.75,5.070000171661377,684418,0.0,0.0
2024-12-17 00:00:00-05:00,5.070000171661377,5.170000076293945,4.909200191497803,5.059999942779541,383297,0.0,0.0
2024-12-18 00:00:00-05:00,5.039999961853027,5.110000133514404,4.349999904632568,4.440000057220459,492493,0.0,0.0
2024-12-19 00:00:00-05:00,4.550000190734863,4.614999771118164,4.139999866485596,4.150000095367432,318958,0.0,0.0
2024-12-20 00:00:00-05:00,4.039999961853027,4.170000076293945,3.9379000663757324,4.099999904632568,610908,0.0,0.0
2024-12-23 00:00:00-05:00,4.090000152587891,4.090000152587891,3.799999952316284,3.819999933242798,518105,0.0,0.0
2024-12-24 00:00:00-05:00,3.8299999237060547,4.119999885559082,3.8299999237060547,4.03000020980835,510460,0.0,0.0
2024-12-26 00:00:00-05:00,3.940000057220459,4.070000171661377,3.9000000953674316,4.03000020980835,313051,0.0,0.0
2024-12-27 00:00:00-05:00,3.9100000858306885,3.990000009536743,3.759999990463257,3.9200000762939453,382638,0.0,0.0
2024-12-30 00:00:00-05:00,3.799999952316284,3.8350000381469727,3.617300033569336,3.680000066757202,445907,0.0,0.0
2024-12-31 00:00:00-05:00,3.75,3.7750000953674316,3.4700000286102295,3.5,716527,0.0,0.0
2025-01-02 00:00:00-05:00,3.619999885559082,3.880000114440918,3.5299999713897705,3.859999895095825,619509,0.0,0.0
2025-01-03 00:00:00-05:00,3.9100000858306885,4.268400192260742,3.8499999046325684,4.204999923706055,459725,0.0,0.0
2025-01-06 00:00:00-05:00,4.349999904632568,4.429999828338623,4.224899768829346,4.300000190734863,339244,0.0,0.0
2025-01-07 00:00:00-05:00,4.300000190734863,4.300000190734863,3.911400079727173,4.079999923706055,342781,0.0,0.0
2025-01-08 00:00:00-05:00,3.940000057220459,4.0,3.7699999809265137,3.880000114440918,336628,0.0,0.0
2025-01-10 00:00:00-05:00,3.7799999713897705,3.8499999046325684,3.6600000858306885,3.809999942779541,439976,0.0,0.0
2025-01-13 00:00:00-05:00,3.740000009536743,3.7799999713897705,3.559999942779541,3.6500000953674316,358791,0.0,0.0
2025-01-14 00:00:00-05:00,3.700000047683716,3.8499999046325684,3.6600000858306885,3.7200000286102295,402643,0.0,0.0
2025-01-15 00:00:00-05:00,4.039999961853027,4.039999961853027,3.8399999141693115,3.9749999046325684,302348,0.0,0.0
2025-01-16 00:00:00-05:00,3.990000009536743,4.034999847412109,3.869999885559082,3.9800000190734863,256625,0.0,0.0
2025-01-17 00:00:00-05:00,4.110000133514404,4.204999923706055,3.984999895095825,4.03000020980835,764652,0.0,0.0
2025-01-21 00:00:00-05:00,4.059999942779541,4.119999885559082,3.9100000858306885,3.9800000190734863,593211,0.0,0.0
2025-01-22 00:00:00-05:00,3.9600000381469727,4.059999942779541,3.819999933242798,4.03000020980835,419907,0.0,0.0
2025-01-23 00:00:00-05:00,3.9200000762939453,4.183700084686279,3.9200000762939453,3.990000009536743,553905,0.0,0.0
2025-01-24 00:00:00-05:00,4.0,4.179999828338623,3.944999933242798,3.9600000381469727,212722,0.0,0.0
2025-01-27 00:00:00-05:00,3.8399999141693115,3.8399999141693115,3.299999952316284,3.4000000953674316,356450,0.0,0.0
2025-01-28 00:00:00-05:00,3.4600000381469727,3.5132999420166016,3.3127999305725098,3.359999895095825,193181,0.0,0.0
2025-01-29 00:00:00-05:00,3.359999895095825,3.5799999237060547,3.3299999237060547,3.555000066757202,469159,0.0,0.0
2025-01-30 00:00:00-05:00,3.609999895095825,3.7699999809265137,3.559999942779541,3.7200000286102295,211849,0.0,0.0
2025-01-31 00:00:00-05:00,3.7300000190734863,3.819999933242798,3.5299999713897705,3.549999952316284,152973,0.0,0.0
2025-02-03 00:00:00-05:00,3.3299999237060547,3.6500000953674316,3.2699999809265137,3.5199999809265137,174299,0.0,0.0
2025-02-04 00:00:00-05:00,3.490000009536743,3.690000057220459,3.490000009536743,3.6600000858306885,85548,0.0,0.0
2025-02-05 00:00:00-05:00,3.6600000858306885,3.6600000858306885,3.4549999237060547,3.4600000381469727,135849,0.0,0.0
2025-02-06 00:00:00-05:00,3.4600000381469727,3.5999999046325684,3.3721001148223877,3.390000104904175,199566,0.0,0.0
2025-02-07 00:00:00-05:00,3.450000047683716,3.630000114440918,3.380000114440918,3.384999990463257,145446,0.0,0.0
2025-02-10 00:00:00-05:00,3.4600000381469727,3.5028998851776123,3.2899999618530273,3.319999933242798,252101,0.0,0.0
2025-02-11 00:00:00-05:00,3.2799999713897705,3.3499999046325684,3.130000114440918,3.1500000953674316,119279,0.0,0.0
2025-02-12 00:00:00-05:00,3.069999933242798,3.3499999046325684,3.069999933242798,3.25,117063,0.0,0.0
2025-02-13 00:00:00-05:00,3.25,3.4100000858306885,3.2300000190734863,3.3499999046325684,90004,0.0,0.0
2025-02-14 00:00:00-05:00,3.3499999046325684,3.450000047683716,3.3399999141693115,3.3499999046325684,99487,0.0,0.0
2025-02-18 00:00:00-05:00,3.319999933242798,3.5250000953674316,3.309999942779541,3.380000114440918,139611,0.0,0.0
2025-02-19 00:00:00-05:00,3.3499999046325684,3.5,3.3499999046325684,3.375,87587,0.0,0.0
2025-02-20 00:00:00-05:00,3.359999895095825,3.434000015258789,3.2699999809265137,3.299999952316284,94938,0.0,0.0
2025-02-21 00:00:00-05:00,3.3499999046325684,3.4202001094818115,3.0,3.0799999237060547,319751,0.0,0.0
2025-02-24 00:00:00-05:00,3.049999952316284,3.0999999046325684,2.9200000762939453,3.009999990463257,366493,0.0,0.0
2025-02-25 00:00:00-05:00,3.009999990463257,3.009999990463257,2.6700000762939453,2.765000104904175,305146,0.0,0.0
2025-02-26 00:00:00-05:00,2.7699999809265137,2.8399999141693115,2.7249999046325684,2.759999990463257,87725,0.0,0.0
2025-02-27 00:00:00-05:00,2.759999990463257,2.9200000762939453,2.700000047683716,2.7100000381469727,245738,0.0,0.0
2025-02-28 00:00:00-05:00,2.690000057220459,2.9000000953674316,2.6500000953674316,2.880000114440918,155100,0.0,0.0
2025-03-03 00:00:00-05:00,3.0799999237060547,3.180000066757202,2.700000047683716,2.7200000286102295,208882,0.0,0.0
2025-03-04 00:00:00-05:00,2.6500000953674316,2.9100000858306885,2.5999999046325684,2.8399999141693115,154596,0.0,0.0
2025-03-05 00:00:00-05:00,2.859999895095825,2.930000066757202,2.75,2.890000104904175,73086,0.0,0.0
2025-03-06 00:00:00-05:00,2.809999942779541,2.9100000858306885,2.684299945831299,2.7699999809265137,149309,0.0,0.0
2025-03-07 00:00:00-05:00,2.740000009536743,3.0999999046325684,2.7112998962402344,3.0999999046325684,184984,0.0,0.0
2025-03-10 00:00:00-04:00,3.0299999713897705,3.0299999713897705,2.690000057220459,2.7300000190734863,121978,0.0,0.0
2025-03-11 00:00:00-04:00,2.7300000190734863,2.9000000953674316,2.6600000858306885,2.759999990463257,1053958,0.0,0.0
2025-03-12 00:00:00-04:00,2.809999942779541,2.940000057220459,2.7799999713897705,2.869999885559082,110392,0.0,0.0
2025-03-13 00:00:00-04:00,2.8399999141693115,2.944999933242798,2.7100000381469727,2.7200000286102295,681353,0.0,0.0
2025-03-14 00:00:00-04:00,2.759999990463257,2.9000000953674316,2.759999990463257,2.809999942779541,45128,0.0,0.0
2025-03-17 00:00:00-04:00,2.809999942779541,2.809999942779541,2.809999942779541,2.809999942779541,0,0.0,0.0
2025-03-18 00:00:00-04:00,2.809999942779541,2.809999942779541,2.809999942779541,2.809999942779541,0,0.0,0.0
2025-03-19 00:00:00-04:00,2.809999942779541,2.809999942779541,2.809999942779541,2.809999942779541,0,0.0,0.0
2025-03-20 00:00:00-04:00,2.809999942779541,2.809999942779541,2.809999942779541,2.809999942779541,0,0.0,0.0
2025-03-21 00:00:00-04:00,2.809999942779541,2.809999942779541,2.809999942779541,2.809999942779541,0,0.0,0.0
2025-03-24 00:00:00-04:00,2.809999942779541,2.809999942779541,2.809999942779541,2.809999942779541,0,0.0,0.0
